"","completion_code","beta_b_mean","beta_b_uncertainty","beta_g_mean","beta_g_uncertainty","lambda_forgetting","alpha_forget_towards","beta_forget_towards","confidence_noise","conf_transform","alpha_weight","beta_weight","neg_log_likelihood","worker_id","hit_id","start_ISO_time","date","pilot_type","times_comprehension_wrong","score","condition","max_block_number","news_station_first","time_on_task_in_ms","time_on_task","time_on_main_task_in_ms","time_on_main_task","age","gender","education","num_of_main_trials","catch","credulity","mistrust","trust","wvs","trust_Press","trust_Television","trust_SocialMedia","frequency_Cable","frequency_NatTV","frequency_LocalTV","frequency_Socialmedia","frequency_Podcasts","frequency_Blogs","frequency_PublicRadio","frequency_TalkRadio","frequency_NewsSitesApps","frequency_PrintNewspapers","ABC News","Breitbart","CBS News","CNN","Fox News","MSNBC","NBC News","New York Times","NPR","Wall Street Journal","Washington Post","USA Today","Facebook","Instagram","Twitter","WhatsApp","Snapchat","TikTok","YouTube","Reddit","LinkedIn","bluebias_trust","bluebias_improve","random_trust","random_improve","helpful_trust","helpful_improve","opposite_trust","opposite_improve","normalized_score"
"1","0fa5xdrz",0.552103859326445,52.1411367827399,0.716832531647181,8.13379323326099,0.0496873936112853,39.7813237705436,26.3042783465503,0.120859252705105,0.572292657722822,39.7813237705436,26.3042783465503,-171.592556015688,"5ffbb4630d039865eb3c077c","abc","2023-06-25-21-03","2023-06-25","full_run",0,185.6638,"Without",4,"First",2515078,"41:55",1497590,"24:57",27,"female","Bachelor",28,3,0.8,2.2,6,64,3,1,2,0,1,0,2,0,0,0,0,1,0,0,0,0,0,0,0,0,0,0,0,0,0,0,1,1,0,0,1,0,0,0,24,17,35,43,56,63,10,8,6.63085
"2","0xzs6x9a",0.655844702217659,146.906301549211,0.528576850881416,7.85998516641557,0.874594132359287,27.7766204743511,19.8194715644692,0.129644172429548,2.20081796176622,27.7766204743511,19.8194715644692,-139.536885474027,"5f5797c54d47e72494ff5840","abc","2023-06-23-14-12","2023-06-23","full_run",1,178.9766,"Without",4,"First",1436103,"23:56",906889,"15:6",33,"female","HighSchool",28,3,0,0,6,0,3,3,3,1,0,0,2,0,0,0,0,1,0,0,0,0,1,0,0,0,0,0,0,0,0,0,0,1,0,0,0,0,0,0,100,100,87,86,83,84,100,100,6.39202142857143
"3","0yvl4gzf",0.752056491593012,9.82421009081687,0.742551690319296,2.43540875925289,0.152474988496431,39.9569027570871,18.7952180296132,0.140692396793148,1.03664382877413,39.9569027570871,18.7952180296132,-121.489060969656,"56802e5fc5767f00121cc6a0","abc","2023-06-12-15-54","2023-06-12","full_run",0,189.9207,"Without",4,"First",3134951,"52:14",1597799,"26:37",65,"male","SomeCollege",28,3,1.4,3.4,2.6,95,3,3,2,3,1,3,2,0,0,0,0,1,0,1,0,1,0,1,0,0,0,0,0,1,0,1,0,1,0,0,0,0,1,0,100,86,31,21,75,99,0,0,6.78288214285714
"4","1p4xgcv2",0.569784273461916,46.4441752390859,0.533527339376627,28.8726983038427,0.551424744776282,32.1225152866597,26.0681669791701,0.113099110866091,9.99724468109902,32.1225152866597,26.0681669791701,-170.778177749268,"6080c437c4d7109234489144","abc","2023-06-23-18-06","2023-06-23","full_run",2,170,"Without",4,"First",2807743,"46:47",1699602,"28:19",23,"female","NoHighSchool",28,3,4,4,4.4,57,2,1,4,0,0,0,1,1,0,1,0,0,0,0,0,0,0,0,0,0,0,1,0,0,0,0,0,0,0,0,1,0,0,0,75,50,73,50,72,67,20,50,6.07142857142857
"5","1rfyqzvl",0.446047262755814,11.2734175302088,0.823086078085645,23.9804561100117,0.466547012917389,37.7698603185365,15.8380167266731,0.125096185929454,0.367103584084393,37.7698603185365,15.8380167266731,-164.034973357852,"6134f3abaefbdb6181e44ae2","abc","2023-06-24-20-26","2023-06-24","full_run",2,182.2441,"Without",4,"First",2760772,"46:0",1698279,"28:18",24,"female","Bachelor",28,3,3,2.8,4.8,61,1,1,1,0,0,1,2,0,0,0,0,0,0,0,0,0,0,0,0,0,0,0,0,0,0,0,0,1,0,0,1,0,0,0,54,42,38,37,71,76,47,37,6.50871785714286
"6","1rtsn438",0.167667456989534,12.6289558223331,0.989977322222736,50.7828860472389,0.967483849768725,39.2605421483044,25.756877418633,0.349999392016831,0.25000650262764,39.2605421483044,25.756877418633,162.8759533246,"628f9792b0d89f574e123771","abc","2023-06-25-22-24","2023-06-25","full_run",2,120.0682,"Without",4,"First",2861386,"47:41",797304,"13:17",21,"male","SomeCollege",28,3,0.6,2.6,1.8,69,1,1,2,1,1,1,2,1,0,0,0,1,0,0,0,0,0,0,0,0,1,0,0,0,0,1,0,1,0,0,1,0,1,0,35,25,73,29,76,46,77,48,4.28815
"7","2p2qngsy",0.664635823215027,159.959468517561,0.611572227889299,32.6321847660219,0.117822960076485,39.2400800323097,38.3137444982887,0.210207563926277,1.47629262906971,39.2400800323097,38.3137444982887,-34.9055620976863,"6078b85e024d1d094113c3aa","abc","2023-06-26-16-16","2023-06-26","full_run",0,178.0431,"Without",4,"First",1316719,"21:56",747401,"12:27",22,"male","SomeCollege",28,3,0.8,4.4,3.2,80,2,2,1,0,0,0,2,0,0,0,0,1,0,0,0,0,0,0,0,0,0,0,0,0,0,0,0,1,0,0,0,0,1,0,42,40,16,17,45,61,14,6,6.35868214285714
"8","2wbdhcfa",0.858354413365405,49.7894422418125,0.837599508748695,10.3769184629386,0.00157708734886631,1.83428310333406,10.3717464744136,0.111197307718385,0.395159011908083,1.83428310333406,10.3717464744136,-173.490150511191,"5fd8ca40697e370870a312e8","abc","2023-06-25-21-05","2023-06-25","full_run",0,190.7267,"Without",4,"First",1603257,"26:43",882497,"14:42",32,"male","SomeCollege",28,3,1.4,2.2,4.4,22,2,1,0,0,1,0,3,1,0,1,0,3,1,0,0,0,0,0,0,0,0,1,0,0,0,1,0,1,0,0,0,0,1,0,13,12,75,69,64,34,0,82,6.81166785714286
"9","3bjhzu16",0.547819456447687,42.9070380762194,0.682366514661553,156.266610313394,0.0146049050961997,18.1212486157207,25.2153949173254,0.133853966882317,1.06113006644452,18.1212486157207,25.2153949173254,-146.310257511195,"645ac35f90b04dd8447fce98","abc","2023-06-23-17-46","2023-06-23","full_run",1,194.6848,"Without",4,"First",4386217,"73:6",2685118,"44:45",52,"male","Master",28,3,2.4,4.6,3.4,87,0,0,0,0,0,0,0,0,0,0,0,1,0,0,0,0,0,0,0,0,0,0,1,1,0,0,0,0,0,0,0,0,0,0,61,61,27,26,90,82,4,13,6.95302857142857
"10","3px58snn",0.650549301938247,142.527611318172,0.672281229181315,156.720433231256,0.000220244997700685,1.2263657757499,1.8625170641993,0.142501462798288,1.69289923923817,1.2263657757499,1.8625170641993,-125.635128755321,"63d18647419ae52f5e141607","abc","2023-06-24-20-35","2023-06-24","full_run",0,189.0988,"Without",4,"First",1914482,"31:54",949448,"15:49",35,"male","SomeCollege",28,3,0.8,2.6,5.2,72,1,1,1,0,0,0,3,1,0,0,0,1,0,0,0,0,0,0,0,0,0,1,0,0,0,1,1,0,0,0,0,1,1,0,71,65,50,58,75,75,1,2,6.75352857142857
"11","3ypa9yxs",0.969815474533236,141.834429453081,0.946135837466694,132.896471585518,0.999472471819678,39.9750574572725,3.58170061007755,0.101691802368115,0.294904671388546,39.9750574572725,3.58170061007755,-194.146862738791,"629e112d75f3665c8362ab6f","abc","2023-06-26-16-23","2023-06-26","full_run",0,174.2529,"Without",4,"First",3736986,"62:16",814246,"13:34",28,"male","HighSchool",28,3,2,3.8,2.6,66,1,2,1,0,0,1,1,0,0,0,0,1,0,0,0,0,0,0,0,0,0,0,0,0,0,0,0,1,0,0,0,0,0,0,75,72,75,75,72,66,27,60,6.22331785714286
"12","3ytrl1h3",0.812190484296345,9.33252486755384,0.355762859244158,155.576609962566,0.154828959307475,37.2319217061237,21.4428434940036,0.153183595250342,0.749533126058232,37.2319217061237,21.4428434940036,-104.504165244522,"63d038df22d91342aa17cb0f","abc","2023-06-23-18-04","2023-06-23","full_run",0,183.7059,"Without",4,"First",4819156,"80:19",2572487,"42:52",18,"male","HighSchool",28,3,2.4,3,5.2,62,2,2,3,2,1,2,3,0,0,0,0,1,0,0,0,0,1,0,0,1,0,0,0,0,0,0,1,0,1,0,1,0,1,0,36,26,9,58,71,48,9,51,6.560925
"13","4g887d2x",0.618728658558753,155.614698415489,0.635628859814359,151.391163747013,0.000205765335604971,28.7992041511525,22.1376190965796,0.153566442915119,0.859819802132262,28.7992041511525,22.1376190965796,-106.793528580521,"63db1ccde6434330f2a99d87","abc","2023-06-25-20-56","2023-06-25","full_run",1,182.9761,"Without",4,"First",2652017,"44:12",1613597,"26:53",37,"other","Bachelor",28,3,1.8,4.4,3.4,79,1,0,1,0,0,1,2,0,0,1,0,1,1,0,0,0,0,0,0,1,0,1,0,1,0,1,1,1,0,0,1,1,1,1,71,73,49,51,77,78,6,25,6.53486071428571
"14","4pfcn1bb",0.729697018519668,156.791383408475,0.723007937898453,157.010613507622,6.54519190257003e-05,7.13846933479894,9.53824661437314,0.110760039144524,0.666590618475689,7.13846933479894,9.53824661437314,-177.287767360983,"5a585be8e0cf3d00012657b8","abc","2023-06-26-16-27","2023-06-26","full_run",0,190.6666,"Without",4,"First",1628960,"27:8",826918,"13:46",39,"male","SomeCollege",28,3,0.4,0.8,5.6,17,1,1,1,0,0,0,2,2,0,0,0,1,0,0,1,0,1,0,0,0,1,0,0,1,0,0,0,1,0,0,0,0,0,0,79,81,43,35,79,79,15,13,6.80952142857142
"15","4sag15hy",0.580609766171325,79.0419218701354,0.696671035917759,153.94658170136,0.0211046801979599,32.0773934148449,28.0432220118279,0.108818660790493,0.637011121772486,32.0773934148449,28.0432220118279,-198.717669143514,"60412f7a5f580407f8e6e615","abc","2023-06-24-20-42","2023-06-24","full_run",0,188.8515,"Without",4,"First",2064014,"34:24",1080795,"18:0",37,"male","SomeCollege",28,3,1.2,4,3,77,1,1,1,0,0,0,2,0,0,0,0,3,0,0,0,0,1,0,0,1,1,0,0,0,0,0,0,0,0,0,0,1,1,0,24,26,24,23,75,76,0,0,6.74469642857143
"16","50g5axl7",0.111564939642955,7.01113694147709,0.755614112618815,4.85275274084153,0.114281027836882,38.8438536173597,20.6686758001684,0.101454156129842,0.455111090101797,38.8438536173597,20.6686758001684,-210.191796530622,"5c1d3f2299de680001e28182","abc","2023-06-24-20-40","2023-06-24","full_run",0,191.442,"Without",4,"First",1827698,"30:27",978688,"16:18",32,"female","SomeCollege",28,3,2.6,3.4,4.6,75,2,2,2,0,0,0,2,0,0,0,0,1,0,0,0,0,1,0,1,0,1,0,0,0,0,1,0,0,0,0,0,0,0,0,54,60,50,50,82,78,0,0,6.83721428571428
"17","5783rgu8",0.971958564423963,159.955508537904,0.989990495620001,157.679732821952,0.999933157023441,39.9852684627233,0.800264791318305,0.146419640475603,0.555135234849873,39.9852684627233,0.800264791318305,-112.808024849559,"622919958426eefc61bf3357","abc","2023-06-24-20-30","2023-06-24","full_run",2,132.1956,"Without",4,"First",2271006,"37:51",1224069,"20:24",53,"female","SomeCollege",28,3,1.4,2,3.4,32,2,2,1,0,2,3,0,2,0,0,0,1,0,1,0,1,0,0,0,1,0,0,0,0,0,0,1,0,0,0,0,0,0,0,51,50,50,50,50,50,50,50,4.72127142857143
"18","5u8z9z90",0.802752623367599,11.3865507548012,0.791446022504289,1.61072177836071,0.529564703153972,39.9889843407059,12.7931934064622,0.154678591553442,0.729396646290941,39.9889843407059,12.7931934064622,-102.010709789964,"5ef78f819d93424af2af742b","abc","2023-06-23-14-16","2023-06-23","full_run",2,174.4275,"Without",4,"First",2320847,"38:40",1547063,"25:47",41,"male","SomeCollege",28,3,2.8,4,5.8,80,3,4,2,2,3,3,3,2,3,3,1,3,2,1,0,1,1,0,1,1,0,1,1,1,1,1,1,0,0,1,0,1,1,0,75,25,100,74,75,86,74,100,6.22955357142857
"19","5yxs73vp",0.740731063087462,158.590737118464,0.727400192867916,33.7952205581535,0.0107755375985422,16.5697286208299,25.9610634855886,0.169258954094891,0.956707256716847,16.5697286208299,25.9610634855886,-88.4033072386263,"596e1af7a09655000197d4bb","abc","2023-06-22-18-58","2023-06-22","full_run",0,191.2526,"Without",4,"First",3882681,"64:42",2607371,"43:27",37,"male","Bachelor",28,3,2.2,3.2,4.2,32,1,1,1,0,1,1,2,1,1,3,1,2,1,0,0,0,0,0,0,0,1,1,1,0,0,0,1,1,0,0,0,1,1,1,71,60,60,42,67,76,16,15,6.83045
"20","6rmrw2uo",0.776917976994085,46.3045783339493,0.965459682561231,3.55018084147943,0.508691310158384,39.0776738501007,10.1701775340884,0.154656659345289,0.25052630788893,39.0776738501007,10.1701775340884,-111.028618487332,"616ddd8fb030bba466234e7a","abc","2023-06-22-18-54","2023-06-22","full_run",1,174.2839,"Without",4,"First",2124241,"35:24",1024175,"17:4",35,"male","SomeCollege",28,3,2.4,2.8,4.6,61,1,1,1,1,0,1,2,1,0,0,0,1,0,0,0,0,0,1,0,1,0,0,0,1,0,1,0,1,0,0,0,1,0,1,83,79,57,61,63,66,44,42,6.224425
"21","6skqdco8",0.545497927570095,131.877371897161,0.847802086589359,149.156072693431,0.806967701453245,3.84366326421025,1.26633369549158,0.140582562970669,0.288781399631981,3.84366326421025,1.26633369549158,-134.763543225261,"5dd299a27f1bbf2a83554ecf","abc","2023-06-22-19-11","2023-06-22","full_run",1,176.6586,"Without",4,"First",2666576,"44:26",1428204,"23:48",46,"female","Bachelor",28,3,1.2,2.8,3.6,65,2,1,0,2,1,0,0,0,1,1,0,1,1,0,0,0,1,0,0,1,1,1,0,0,0,0,0,0,0,0,0,0,0,0,42,38,42,41,43,46,45,46,6.30923571428572
"22","73nj39v8",0.601371348212995,158.120781108021,0.481541993438916,18.6835455199713,0.0105307325289444,8.98933733966309,37.8062992879553,0.112209534791013,2.06254968178585,8.98933733966309,37.8062992879553,-173.242729377728,"5e93e2a7a5de13720dffc7f9","abc","2023-06-24-20-16","2023-06-24","full_run",0,197.8581,"Without",4,"First",2676191,"44:36",1587288,"26:27",46,"male","HighSchool",28,3,0.4,2.8,1.8,18,3,2,1,0,0,0,0,2,1,0,0,3,0,0,0,0,0,0,0,0,0,0,0,0,0,0,0,0,0,0,0,1,1,0,30,35,29,20,73,74,0,0,7.06636071428572
"23","8m0d1z43",0.0682722898199706,86.5381056697191,0.84146186340287,10.5484476283764,0.519802489274578,39.7156984209651,6.45143104732163,0.105144628514775,0.32698591420082,39.7156984209651,6.45143104732163,-187.034811478775,"58d2cb10f5899100018a05b8","abc","2023-06-12-15-30","2023-06-12","full_run",0,179.2518,"Without",4,"First",2620805,"43:40",1362391,"22:42",35,"male","Bachelor",28,3,1.2,4.2,4.6,87,3,3,2,2,1,3,3,0,0,0,0,2,2,0,0,1,1,0,0,0,1,0,0,0,0,1,0,1,0,0,0,1,0,0,100,100,75,73,72,73,27,31,6.40185
"24","8um84abg",0.590977625981778,24.2029021848609,0.847924100479907,11.8289844284134,0.464024857811176,39.8143849186778,9.21409038322798,0.0959522152833133,0.480829618977901,39.8143849186778,9.21409038322798,-207.232878033224,"5edb6d2469290d00092100f8","abc","2023-06-12-15-31","2023-06-12","full_run",1,174.9288,"Without",4,"First",2899801,"48:19",2016284,"33:36",48,"male","HighSchool",28,3,1.6,2.4,3.6,50,3,2,0,0,0,0,3,0,0,1,0,2,0,0,0,0,0,0,0,0,0,1,0,0,0,1,0,1,0,0,0,0,1,0,77,75,30,27,74,75,5,2,6.24745714285714
"25","96zfz6u3",0.737800257004766,159.976201312864,0.783792100474618,30.4411070008168,0.00461212254659586,8.09280261120215,39.8990529444466,0.136642125754179,0.322369060758061,8.09280261120215,39.8990529444466,-141.777083346913,"633259075c2d3571332bdae7","abc","2023-06-23-14-22","2023-06-23","full_run",0,190.3275,"Without",4,"First",2503860,"41:43",1348850,"22:28",28,"male","SomeCollege",28,3,2.2,3.6,5,31,0,0,1,0,0,0,1,0,0,0,0,1,0,0,0,0,0,0,0,0,0,0,0,0,0,0,0,0,0,0,0,1,0,0,60,16,50,8,67,66,3,79,6.79741071428572
"26","a3gz2jhu",0.766055573977982,71.8587472834722,0.772730411021621,144.967165724086,0.00246336364270005,6.65424070881776,17.7228566254431,0.214536418276576,0.787731910582402,6.65424070881776,17.7228566254431,-31.7414751418608,"61bb3a5340db417c1a138ffc","abc","2023-06-25-15-26","2023-06-25","full_run",0,176.6004,"Without",4,"First",2868807,"47:48",1512395,"25:12",47,"female","SomeCollege",28,3,1.8,4,2.2,90,0,0,1,0,0,0,1,1,0,0,1,0,0,0,1,0,0,0,0,0,0,0,0,0,0,0,0,1,0,0,1,0,0,0,99,99,17,18,100,99,0,8,6.30715714285714
"27","ap8dgzkf",0.518036930520843,106.052555437536,0.526088346106251,93.5470051883572,0.0504629348283018,37.7634358576892,34.7537781874104,0.100083546635775,9.98738208080919,37.7634358576892,34.7537781874104,-197.328235026406,"61412d298de8e1b44e950fb3","abc","2023-06-24-20-38","2023-06-24","full_run",0,190.2888,"Without",4,"First",1753123,"29:13",1029425,"17:9",32,"male","SomeCollege",28,3,2,4.4,5.4,68,2,1,2,2,1,1,3,0,0,1,0,2,1,0,0,0,1,0,0,0,1,0,1,1,0,1,1,1,0,0,1,1,1,0,59,42,62,76,91,94,11,4,6.79602857142857
"28","aryq12pr",0.725993838462102,159.913874333714,0.724576419237175,141.201508008605,0.0199558080244166,2.30536435219805,4.99457914045535,0.128807954187607,0.601166440330287,2.30536435219805,4.99457914045535,-155.90627621547,"5fdaa54d27054553572384c3","abc","2023-06-24-20-30","2023-06-24","full_run",0,195.4647,"Without",4,"First",3013460,"50:13",1494426,"24:54",45,"female","Master",28,3,2,2.4,5.4,26,2,3,2,0,2,1,2,0,0,0,0,3,0,0,0,0,0,0,1,0,1,0,0,0,0,0,1,1,0,0,1,0,0,0,70,50,38,0,87,83,13,0,6.98088214285715
"29","av68cc77",0.48661954074435,119.671217037006,0.657973359031085,157.289562402924,0.0033776547882994,15.6896831615297,23.3253326686585,0.107873681233433,0.75161861402383,15.6896831615297,23.3253326686585,-199.399349350703,"5b745fb794c93d00010fc4c6","abc","2023-06-22-19-13","2023-06-22","full_run",0,195.1553,"Without",4,"First",2400950,"40:0",1412076,"23:32",47,"male","Bachelor",28,3,0.8,3.4,1.4,55,2,2,1,0,0,0,3,1,1,0,0,0,0,0,0,0,0,0,0,0,0,0,0,0,0,0,0,1,0,0,0,0,0,0,63,76,32,50,74,76,5,50,6.96983214285714
"30","ay5h5gyg",0.716084074095707,5.3843025503889,0.625252383671016,25.0980717694216,0.00153355867041782,6.73547436812774,39.7479966006115,0.188038056673383,0.875924479160625,6.73547436812774,39.7479966006115,-56.6643441206578,"62865d7591cf5a6008321e79","abc","2023-06-23-14-25","2023-06-23","full_run",0,190.5334,"Without",4,"First",2264307,"37:44",1638846,"27:18",29,"male","PhD",28,3,1.4,3,4.6,79,1,1,3,0,1,0,2,0,0,0,0,2,0,0,0,0,0,0,0,0,0,0,0,0,0,0,0,1,0,0,0,0,1,0,72,61,25,20,75,76,0,16,6.80476428571429
"31","ba46vsx1",0.507495535320385,29.4442484480011,0.690390495404831,9.3711921620591,0.0377837199321031,39.1737285309291,18.1014493306379,0.147351565565751,1.40683365405197,39.1737285309291,18.1014493306379,-113.86658737007,"5e6ef5fbf14d264ae2ef3867","abc","2023-06-22-19-17","2023-06-22","full_run",0,189.4378,"Without",4,"First",5042216,"84:2",669659,"11:9",32,"male","Bachelor",28,3,1.4,4,2.8,67,2,2,1,1,1,2,1,0,0,0,0,2,0,1,0,0,1,1,0,0,0,1,0,1,0,0,0,1,0,0,0,0,0,0,75,59,91,73,77,50,1,21,6.76563571428571
"32","bdwnaggl",0.7028179439214,159.251704138283,0.701439950456745,159.724712964063,0.000669438093471878,9.71407107386658,38.1842735936919,0.232479485815414,1.7776813537386,9.71407107386658,38.1842735936919,-9.21173326719479,"5cec5f7afdd26c00193ba64b","abc","2023-06-26-16-22","2023-06-26","full_run",0,186.3745,"Without",4,"First",2526488,"42:6",1360316,"22:40",30,"male","Bachelor",28,3,0.2,1.8,3.6,15,2,1,2,1,1,1,3,1,0,0,0,2,0,0,1,0,0,0,1,0,0,1,0,1,0,0,0,1,0,0,0,1,1,0,75,75,77,73,100,100,2,0,6.65623214285714
"33","bgzp5qyh",0.604078575930327,51.0510262325987,0.588585877277927,17.905631647292,0.0648390010522083,39.8514757593817,21.0573355794197,0.0927005836887755,1.21299464764232,39.8514757593817,21.0573355794197,-214.946222982396,"62bb31196b1faed16b34e914","abc","2023-06-25-15-16","2023-06-25","full_run",0,195.7988,"Without",4,"First",2760781,"46:0",1247702,"20:47",46,"male","SomeCollege",28,3,0.4,2.6,4.4,7,2,2,1,0,0,0,1,0,0,0,0,3,0,0,0,0,1,1,1,0,0,0,0,0,0,0,0,1,0,0,0,1,0,0,100,100,0,0,74,72,0,0,6.99281428571428
"34","bkakv44h",0.959837780742857,1.78754397193677,0.767138321333445,67.0763951918886,0.686607293340933,39.3485458804768,6.22715580081678,0.196279916313099,0.378589360363187,39.3485458804768,6.22715580081678,-55.5728693675754,"5a5d0554ac562400015402dd","abc","2023-06-23-17-40","2023-06-23","full_run",0,162.6885,"Without",4,"First",2443174,"40:43",1399498,"23:19",63,"female","Master",28,3,1.2,4.8,3,88,4,3,1,3,1,0,1,0,0,2,0,2,0,1,0,1,1,0,1,1,0,1,0,0,0,1,1,1,1,0,0,1,1,1,100,100,22,6,78,81,0,0,5.81030357142857
"35","cg3m01mg",0.870585670509294,40.1399557405839,0.634227916503321,25.4487732067061,0.999929599027278,39.9711018096606,6.17897626239982,0.120466323511399,9.99965938902716,39.9711018096606,6.17897626239982,-156.22289310312,"647e19f6623aca4119786c70","abc","2023-06-24-21-03","2023-06-24","full_run",1,148.7894,"Without",4,"First",3253821,"54:13",1540159,"25:40",73,"female","Master",28,3,4.6,4.8,5.4,100,2,2,3,1,1,1,3,2,3,1,1,1,1,1,0,0,1,1,0,0,0,0,0,0,0,1,1,1,1,1,1,1,0,0,100,100,100,100,100,100,100,100,5.31390714285714
"36","codgtzk9",0.722181686097699,17.904384864032,0.711533010972871,157.962596454542,0.0031466127616328,19.0984506254513,6.69685509278216,0.119310209904833,0.571220943260282,19.0984506254513,6.69685509278216,-171.606313630732,"63a5d44a2536f3e1cfb42541","abc","2023-06-25-21-07","2023-06-25","full_run",0,185.3259,"Without",4,"First",2908613,"48:28",1663913,"27:43",55,"female","Bachelor",28,3,1.2,2.2,4.2,0,3,2,0,2,1,1,0,1,0,2,2,1,0,0,0,0,1,0,0,0,1,1,0,0,0,0,1,0,0,1,0,0,0,1,38,37,43,45,75,76,13,12,6.61878214285714
"37","curj7lva",0.779758920500583,10.1615452463358,0.791413126314328,4.91042663272484,0.23177295448844,9.15811513707448,5.4288056531529,0.138745432150445,0.845108166447174,9.15811513707448,5.4288056531529,-136.740985319494,"604c43026c4192103feff6e7","abc","2023-06-23-18-02","2023-06-23","full_run",0,182.35,"Without",4,"First",2488981,"41:28",1492111,"24:52",21,"male","Bachelor",28,3,3,3.4,4,80,1,1,0,0,1,0,0,0,0,0,0,0,0,0,0,0,0,0,0,0,0,0,0,0,0,0,0,0,0,0,0,0,0,0,23,77,0,0,27,75,0,0,6.5125
"38","df9st6eu",0.819240817030498,159.863974702969,0.810982659957864,17.4913588801628,0.0184118766750629,2.48942786277473,10.0836729749324,0.136017621295878,0.324447646032051,2.48942786277473,10.0836729749324,-143.278758526655,"5e64393b2a0d161c7c02126c","abc","2023-06-24-20-39","2023-06-24","full_run",0,187.7185,"Without",4,"First",2479526,"41:19",1485437,"24:45",36,"female","Master",28,3,3.6,4,4.8,100,1,1,2,1,1,1,3,1,0,0,0,3,0,1,0,1,1,1,1,1,1,0,0,1,1,0,0,1,0,0,0,0,1,0,63,63,37,24,67,74,14,74,6.70423214285715
"39","e2g97kd7",0.515199022436988,20.2841077677066,0.60332743041723,159.850592958182,0.840605010632892,39.2962626255712,32.1909207502891,0.137147711505898,5.27021623214584,39.2962626255712,32.1909207502891,-127.184271355557,"5d9cd36bed4008001284dcba","abc","2023-06-25-20-58","2023-06-25","full_run",0,176.6235,"Without",4,"First",1890444,"31:30",1156472,"19:16",26,"female","SomeCollege",28,3,2,4,4.6,91,0,0,2,0,0,0,3,3,3,0,0,0,0,0,0,0,0,0,0,0,0,0,0,0,0,0,1,1,0,1,1,0,0,0,83,85,80,91,38,29,0,0,6.30798214285715
"40","f7yuyaqc",0.465031722386792,41.1734876362625,0.556245816517564,26.8038974009474,0.0535089095893624,39.8840351523231,31.5106726121725,0.145847380353641,9.85480759712858,39.8840351523231,31.5106726121725,-120.489697553843,"5fc17e97c8c4d714655b2c6f","abc","2023-06-12-16-03","2023-06-12","full_run",0,184.0861,"Without",4,"First",2914310,"48:34",1403664,"23:23",24,"female","HighSchool",28,3,3.6,3.2,5.4,90,2,2,3,0,0,0,1,1,0,0,0,0,0,0,0,0,0,0,0,0,0,0,0,0,0,0,1,1,0,0,1,1,0,0,11,28,74,24,91,90,2,76,6.57450357142857
"41","fbrwpzxr",0.800372325786408,2.78083761463057,0.849836748167738,3.58494744563853,0.642111997515621,39.8588397351396,10.0612758123002,0.126647364132276,0.630012218118525,39.8588397351396,10.0612758123002,-156.440563621365,"5def2693ac00aa5c27166356","abc","2023-06-12-16-06","2023-06-12","full_run",1,173.7578,"Without",4,"First",2655941,"44:15",1461432,"24:21",31,"female","HighSchool",28,3,1.6,4,4.2,92,2,2,0,2,2,2,3,1,0,0,0,0,0,0,0,0,1,0,0,0,1,0,1,1,0,0,0,0,0,0,0,0,0,0,76,77,49,49,76,76,22,25,6.20563571428571
"42","fob4px3o",0.781653644871201,159.72020769912,0.574288316179616,5.50602024775725,0.0196272794332003,35.9227830459895,17.5122306567515,0.0871756559924373,0.280327404814419,35.9227830459895,17.5122306567515,-258.036043225062,"5da8566c033d5700135798fb","abc","2023-06-26-16-27","2023-06-26","full_run",1,187.0437,"Without",4,"First",5663946,"94:23",1865487,"31:5",35,"female","HighSchool",28,3,1.2,4.4,3.8,85,0,0,0,0,0,0,1,0,1,0,0,1,0,0,0,0,1,0,0,0,0,0,0,0,0,0,0,0,0,0,0,0,0,0,40,49,50,52,80,75,23,20,6.68013214285715
"43","fonum3cd",0.754214848847483,30.329312077293,0.391498039057738,158.726843652165,0.450670792035045,23.5770797855962,39.7162512677861,0.349999711023073,0.250117956412067,23.5770797855962,39.7162512677861,137.682376034312,"6489f6cc16e8094b222cbd99","abc","2023-06-25-21-14","2023-06-25","full_run",1,129.1769,"Without",4,"First",4146957,"69:6",1973891,"32:53",66,"male","Bachelor",28,3,2.8,4.2,4.4,14,3,2,2,3,2,2,2,2,2,2,1,1,1,0,0,0,1,1,0,0,1,0,0,0,1,1,1,1,0,0,0,1,0,0,80,83,77,78,80,79,77,77,4.61346071428571
"44","g7ndke5p",0.609266146471261,6.94754056608928,0.565089017033338,5.70928136937244,0.183009663532131,38.705455461862,13.7204393804762,0.134141698771701,2.73086041562082,38.705455461862,13.7204393804762,-131.138705320551,"5cf3733e30eedd00156bbf3e","abc","2023-06-23-18-03","2023-06-23","full_run",0,188.8113,"Without",4,"First",2621440,"43:41",1371631,"22:51",30,"female","SomeCollege",28,3,0.6,1.4,3.4,66,1,1,1,1,1,2,3,1,0,1,0,1,0,0,0,0,0,1,0,0,0,0,0,0,0,1,0,0,0,0,0,0,0,0,50,27,74,79,86,86,0,77,6.74326071428571
"45","gcaq5nry",0.69540800079236,159.448567724841,0.727595573218579,158.549302609852,0.00162379674057078,31.2462588795953,39.463359090379,0.205815057789821,0.466371346617557,31.2462588795953,39.463359090379,-39.0470184396237,"62b1418c313cf1ef437ed9c3","abc","2023-06-23-17-45","2023-06-23","full_run",0,191.2691,"Without",4,"First",2735817,"45:35",1665759,"27:45",19,"female","SomeCollege",28,3,2.8,2.6,4.8,67,2,2,2,0,0,0,2,2,3,0,0,1,0,0,0,0,0,0,0,0,0,1,0,0,0,0,1,1,0,0,1,1,1,0,80,78,62,22,75,90,26,50,6.83103928571429
"46","gfas0c1r",0.830989567784241,1.60071237916059,0.975998559198976,4.77458213214498,0.410639920366261,39.9694743028163,7.27061339090189,0.127158917959318,0.552352308513099,39.9694743028163,7.27061339090189,-145.548719208752,"611164775aedea43b9a27722","abc","2023-06-25-20-56","2023-06-25","full_run",0,176.5804,"Without",4,"First",2409354,"40:9",1272140,"21:12",21,"female","SomeCollege",28,3,2.4,5.8,2.4,66,1,1,2,0,0,0,3,0,0,1,0,1,0,0,0,0,0,0,0,0,0,0,0,0,0,0,0,1,0,0,1,0,1,0,34,39,0,0,91,90,0,0,6.30644285714286
"47","h56olome",0.1938367915243,141.57525873269,0.816933059214243,112.330815302581,0.160430370732577,37.0786674678447,31.4866083096986,0.231833320999252,3.84478070658175,37.0786674678447,31.4866083096986,-11.7713117674947,"56ad40ce5ea7aa000cbe1947","abc","2023-06-23-14-15","2023-06-23","full_run",0,174.4847,"Without",4,"First",3303563,"55:3",1677243,"27:57",54,"male","Bachelor",28,3,1,2.2,2.4,0,3,3,1,1,1,1,3,1,1,3,1,3,1,1,0,1,1,0,1,1,1,1,1,1,1,0,0,0,0,0,1,1,0,0,75,75,25,24,100,100,0,0,6.23159642857143
"48","hbl8xzyc",0.789086230090188,2.77105020746327,0.914398963937711,5.89940914117964,0.721457364365382,36.998662408748,10.0744042715297,0.151195391803978,0.376791756312675,36.998662408748,10.0744042715297,-116.693715244875,"606b4092321de2bfbfa6b719","abc","2023-06-26-16-32","2023-06-26","full_run",0,172.6372,"Without",4,"First",4638899,"77:18",3291055,"54:51",40,"female","Bachelor",28,3,1,2.4,4,42,3,1,2,1,1,1,2,1,0,3,0,1,1,1,0,1,1,0,0,0,1,1,0,0,0,0,0,0,0,0,0,0,1,0,72,73,50,50,50,50,72,76,6.16561428571429
"49","hka0xsxk",0.43420067707323,17.3992523338674,0.628001806467189,157.541419056551,0.000497811863245685,17.4850435706042,22.6158481086176,0.153956613791718,0.727763020372538,17.4850435706042,22.6158481086176,-101.548151121437,"61281debe85082cc937dd9ae","abc","2023-06-23-14-02","2023-06-23","full_run",0,192.5935,"Without",4,"First",1907316,"31:47",1224925,"20:24",31,"female","Master",28,3,1,2,5.2,77,2,2,0,0,2,0,1,0,0,0,1,3,0,0,0,0,0,0,0,0,1,1,1,1,1,0,1,0,1,1,1,0,0,0,74,75,29,61,59,61,0,25,6.87833928571429
"50","hxqr8s7b",0.640840599611899,24.5871385642596,0.751313368645402,74.8593665858219,0.144288245982764,39.8808940916239,20.0935928205373,0.112428508965634,0.68205348307832,39.8808940916239,20.0935928205373,-190.224868670276,"62a0f65404d6ac8611d67c12","abc","2023-06-23-18-01","2023-06-23","full_run",1,182.0826,"Without",4,"First",2099066,"34:59",1196405,"19:56",46,"male","Bachelor",28,3,2,2.8,3.2,41,1,1,1,1,0,0,3,2,1,0,0,3,0,0,0,0,1,0,0,0,0,0,0,0,0,0,0,1,0,0,0,0,0,0,29,36,45,43,60,74,13,12,6.50295
"51","j8p1j8bt",0.759004273846058,71.8798394393472,0.721153863346307,155.416618688032,0.478319561800864,39.6161078092921,4.79376563765271,0.100957365565342,0.339354921655374,39.6161078092921,4.79376563765271,-218.741644757203,"6109e6596c52fa1f853b16c2","abc","2023-06-23-18-04","2023-06-23","full_run",0,174.3562,"Without",4,"First",3688521,"61:28",1496173,"24:56",33,"female","Master",28,3,1.4,2.2,5.6,81,2,2,2,0,0,0,3,0,0,0,0,3,0,0,0,0,1,0,0,0,1,1,0,0,0,1,1,0,0,0,1,0,1,0,70,66,49,42,87,91,57,57,6.22700714285714
"52","ja3pylvg",0.650093048379389,107.339442292524,0.671960271051854,104.330595874347,0.0011020564583992,15.4282501317007,20.5655669741733,0.105085632990779,0.414612959076572,15.4282501317007,20.5655669741733,-210.394173018159,"5f9fb315ae6f085ff96c0cac","abc","2023-06-24-20-45","2023-06-24","full_run",0,192.7921,"Without",4,"First",1325477,"22:5",774722,"12:54",31,"male","SomeCollege",28,3,1.6,4.2,3.8,64,2,1,1,0,0,0,2,0,0,0,0,3,0,1,0,1,1,1,1,1,1,1,1,1,1,0,0,1,0,0,0,0,1,0,68,68,35,46,77,75,0,9,6.88543214285715
"53","jdhbm786",0.605359624037509,149.180453388894,0.632354022815997,152.942321314915,0.000109921572381,7.36980323970765,3.0265936136943,0.137575422723351,1.18643631835484,7.36980323970765,3.0265936136943,-135.388519170878,"615e0d2fedd874586d1609ed","abc","2023-06-12-16-08","2023-06-12","full_run",0,177.8454,"Without",4,"First",1297694,"21:37",791875,"13:11",22,"female","Master",28,3,2.2,2.6,5.6,50,3,3,2,1,3,2,3,0,0,0,1,1,0,0,0,0,0,0,1,1,1,0,0,0,0,0,1,1,0,0,1,1,0,0,81,50,25,0,100,100,0,0,6.35162142857143
"54","jdy6471m",0.790720933380556,1.60015250411116,0.507275607860101,15.1149305224966,0.240237211929387,39.9998825234169,14.2890254700556,0.114664361288215,0.253173868842872,39.9998825234169,14.2890254700556,-185.58511317362,"6400de584fca5a2408657306","abc","2023-06-26-16-25","2023-06-26","full_run",1,187.8182,"Without",4,"First",2363752,"39:23",1394671,"23:14",19,"male","HighSchool",28,3,5.2,5,4.8,90,3,3,4,2,1,0,1,1,0,1,0,2,0,0,0,0,1,1,0,0,0,0,0,1,0,1,1,0,0,0,1,1,1,0,97,86,81,80,77,76,23,22,6.70779285714285
"55","k2wg5gg3",0.762274520658222,138.468028995253,0.78053289135469,63.6755025283543,0.0149223955300247,19.7703686940614,39.7872440915014,0.12623606896881,0.417471869040809,19.7703686940614,39.7872440915014,-160.18546520927,"5b920a69abfadc0001e7ffa9","abc","2023-06-24-20-46","2023-06-24","full_run",0,192.375,"Without",4,"First",2077278,"34:37",1105594,"18:25",27,"female","SomeCollege",28,3,2.4,2.8,5,73,1,1,1,0,0,1,2,2,0,0,0,2,0,0,0,0,0,0,0,0,1,0,0,1,0,1,0,0,0,0,1,1,1,0,61,50,41,23,74,75,13,50,6.87053571428572
"56","k556cggx",0.821136446008777,157.317621829528,0.840290805637009,32.0879120588535,0.342072566488774,39.5774371141511,18.9586681028657,0.137945474792298,0.547884028251852,39.5774371141511,18.9586681028657,-140.064782360309,"63782709326973c77adc3db8","abc","2023-06-26-16-18","2023-06-26","full_run",0,178.6764,"Without",4,"First",5894131,"98:14",4575311,"76:15",65,"female","Bachelor",28,3,1.4,3.6,3.4,40,2,2,1,0,1,0,0,0,0,1,0,2,1,1,0,1,0,0,0,1,1,1,0,1,0,0,0,1,0,0,0,0,0,0,76,75,18,20,73,75,35,32,6.3813
"57","kdzq0ao6",0.550383115545176,153.477737361938,0.671292209149679,146.8827655552,0.0136885313684314,6.58261265422732,19.7865480388073,0.186940375923299,0.647745831132724,6.58261265422732,19.7865480388073,-59.5827726350815,"58adfc6e7cf56d0001f931a2","abc","2023-06-26-16-09","2023-06-26","full_run",0,191.4476,"Without",4,"First",7193415,"119:53",4382322,"73:2",26,"male","SomeCollege",28,3,3.2,5,0.6,71,1,0,1,0,0,0,0,0,0,0,0,0,0,0,0,0,0,0,0,0,0,1,0,0,0,0,0,0,0,0,0,1,0,0,51,36,32,56,78,89,1,6,6.83741428571429
"58","kp5g0w9j",0.804396034276311,115.346490846524,0.789222963012143,135.692980734448,0.000875050464650411,16.4634439636877,36.9995488780858,0.13166632462017,0.376357451717107,16.4634439636877,36.9995488780858,-149.719984091353,"5f13ea38e764c61a82f38588","abc","2023-06-24-20-41","2023-06-24","full_run",1,193.1529,"Without",4,"First",2077957,"34:37",1262615,"21:2",27,"female","Bachelor",28,3,2.4,4.4,4.8,93,3,3,3,0,1,0,1,0,0,0,0,1,0,1,0,1,0,0,0,1,1,0,0,0,0,1,0,0,0,0,0,0,1,0,69,71,29,27,69,72,8,15,6.89831785714286
"59","krveh035",0.639847611763807,146.674760254167,0.582106430275658,157.352418648657,0.218375912251411,37.4412136402049,16.6016920622035,0.120604792318705,0.423658152853902,37.4412136402049,16.6016920622035,-175.89742129154,"6094af4acc2ca8dd2c6f8edd","abc","2023-06-24-20-38","2023-06-24","full_run",0,185.2444,"Without",4,"First",2183904,"36:23",1319795,"21:59",24,"female","Bachelor",28,3,2.2,3.8,3.6,100,2,0,1,0,0,0,3,0,0,0,0,0,0,0,0,0,0,0,0,0,1,0,0,0,0,0,1,0,0,0,0,0,0,0,59,64,38,61,89,84,15,24,6.61587142857143
"60","l7znc5wo",0.716501144000328,158.273081649776,0.708804846149174,135.798308434412,0.002590167642781,3.42533487964763,33.9419369561923,0.172765588630975,0.786208659577197,3.42533487964763,33.9419369561923,-74.9245972433464,"5efcf906346ca111efac889f","abc","2023-06-12-15-48","2023-06-12","full_run",0,184.9032,"Without",4,"First",2245045,"37:25",1263787,"21:3",22,"male","SomeCollege",28,3,4,4.2,5.2,64,2,2,2,1,0,0,3,0,1,0,0,2,1,0,0,0,1,0,0,0,0,1,0,0,0,1,0,1,0,0,0,0,1,0,76,83,0,0,86,87,0,74,6.60368571428571
"61","le05ctsx",0.741531871971093,1.61815653305132,0.839210379909924,35.9614853724004,0.200245255708522,38.9221814440297,14.4604277551771,0.156461314836773,0.417780514921294,38.9221814440297,14.4604277551771,-109.439989010424,"5d250d243eea32001a079a3b","abc","2023-06-12-18-01","2023-06-12","full_run",0,171.8855,"Without",4,"First",3653373,"60:53",2442032,"40:42",31,"female","SomeCollege",28,3,1,4.2,3.2,100,1,1,0,1,2,1,0,1,0,3,0,1,0,1,0,1,1,0,0,0,0,1,0,1,0,0,0,0,0,0,0,0,0,0,51,50,24,70,51,49,50,50,6.13876785714286
"62","lq0zt2wd",0.692986849656445,145.57986557483,0.833024110790393,64.3773485796559,5.3875775247967e-05,9.69434921528239,13.6027047539917,0.121316875254231,0.423205535983564,9.69434921528239,13.6027047539917,-165.22836628452,"57dab7f721d77800018e42fe","abc","2023-06-12-15-40","2023-06-12","full_run",0,193.21,"Without",4,"First",2919568,"48:39",1661945,"27:41",28,"male","SomeCollege",28,3,0.6,2.4,4.8,66,3,1,1,0,0,0,3,1,1,0,0,1,0,0,0,0,0,0,0,0,0,0,0,0,0,0,0,0,0,0,0,1,1,0,75,69,68,63,89,75,22,25,6.90035714285715
"63","m0tk4amg",0.727689272752868,9.14903069400334,0.509468725910149,158.119501179714,0.552292938307913,39.9881968000343,18.9488426648342,0.168057039065705,1.80628199309308,39.9881968000343,18.9488426648342,-82.1621488160411,"61144cf769b3c8d14cd59755","abc","2023-06-12-15-47","2023-06-12","full_run",0,171.5711,"Without",4,"First",2906586,"48:26",1627611,"27:7",21,"female","SomeCollege",28,3,2.2,3,3.6,60,3,1,4,1,1,1,3,0,0,0,0,2,0,0,0,1,1,1,0,1,1,0,0,0,0,0,1,0,0,0,1,0,0,0,46,45,64,58,58,63,60,58,6.12753928571428
"64","m2gt677r",0.42428319799437,38.8473768362664,0.61483854392167,25.9931849243326,0.187765145954694,31.7153465131218,28.7055898536183,0.132453779505801,9.79678287333809,31.7153465131218,28.7055898536183,-137.358875523039,"5d269fedf6dec40019b87a59","abc","2023-06-24-20-34","2023-06-24","full_run",1,190.1579,"Without",4,"First",4497248,"74:57",1755479,"29:15",37,"male","Bachelor",28,3,0.6,4.4,2.8,82,2,2,2,0,0,2,2,0,0,0,0,3,0,1,0,1,0,0,0,1,1,0,0,1,0,0,0,1,0,0,0,1,0,0,26,25,13,6,25,25,4,63,6.79135357142857
"65","md4w9nhx",0.819205069023127,147.531573504706,0.849186464458647,158.38795551819,0.00442270746849771,1.10645120624857,29.5858507790591,0.128099057990974,0.395395508047987,1.10645120624857,29.5858507790591,-153.787272762376,"5e58888641c3660a306c9c3f","abc","2023-06-12-16-37","2023-06-12","full_run",0,188.937,"Without",4,"First",2728444,"45:28",1545314,"25:45",52,"female","SomeCollege",28,3,1.8,2.6,3.4,76,2,2,2,0,0,3,2,1,0,0,0,2,0,0,0,0,0,1,1,1,0,0,0,0,0,0,0,0,0,0,0,1,0,0,25,25,68,66,89,90,1,0,6.74775
"66","mmknp9bd",0.0136645422456786,38.030645468302,0.758789867534324,5.06593041229876,0.197589761573827,39.6333148431276,5.00787730653172,0.116107424783759,0.313355725940941,39.6333148431276,5.00787730653172,-181.739520735399,"568d3401b5a2c2000db65f64","abc","2023-06-23-14-11","2023-06-23","full_run",0,191.3893,"Without",4,"First",5624196,"93:44",3049499,"50:49",39,"female","SomeCollege",28,3,2.2,3,2,55,1,2,1,1,0,0,1,1,0,1,0,0,1,0,0,0,0,0,1,0,0,1,0,0,0,1,1,0,0,0,1,1,1,0,74,74,50,38,68,62,26,25,6.83533214285714
"67","n8wlajbt",0.633748126927165,16.3139378839133,0.724820666311547,93.0194498194741,0.999595008990264,39.0499043395601,31.1827198598451,0.11694344626687,3.99569758277028,39.0499043395601,31.1827198598451,-163.019048829918,"5fa19ab9ab63a72cffb4b521","abc","2023-06-23-14-12","2023-06-23","full_run",0,172.4257,"Without",4,"First",2215071,"36:55",1265289,"21:5",54,"female","HighSchool",28,3,1.2,2,4.4,60,1,1,2,1,1,1,2,0,0,0,0,3,0,0,0,0,1,0,1,0,0,0,0,0,0,1,0,1,0,0,1,0,0,0,66,63,36,32,52,50,4,7,6.15806071428571
"68","naxa53zt",0.710648239144893,3.66434944085609,0.740459563018009,9.25496658537652,0.291984715660822,39.6395133581283,18.8767753261211,0.175547450168395,0.982219737508459,39.6395133581283,18.8767753261211,-74.0589195235605,"63179fe6d8b52834c9c8f5f7","abc","2023-06-25-15-11","2023-06-25","full_run",0,179.5503,"Without",4,"First",1515979,"25:15",902400,"15:2",21,"male","HighSchool",28,3,5,5.4,4,80,2,2,0,0,2,1,1,0,0,0,0,1,0,0,0,0,0,0,0,1,0,0,0,1,0,0,0,0,0,0,0,1,0,0,40,36,71,74,75,100,24,0,6.41251071428572
"69","nczwekue",0.636751688728185,121.483648793157,0.550775696067323,11.0888071158208,0.988170783057159,37.9852529511265,30.8311722092072,0.115719663568196,4.52549229983193,37.9852529511265,30.8311722092072,-183.340315923691,"5df4d9120562053642d5690f","abc","2023-06-25-15-24","2023-06-25","full_run",0,175.1233,"Without",4,"First",1788288,"29:48",1122849,"18:42",38,"male","SomeCollege",28,3,1.6,3.4,4.4,69,1,0,2,0,0,0,3,0,0,0,0,1,0,0,0,0,0,0,0,0,0,0,0,0,0,0,0,1,0,0,0,0,1,0,24,27,72,69,26,29,0,0,6.25440357142857
"70","nf32x2lg",0.500365835095171,10.0191112387638,0.80939440543304,7.27040024711863,0.138921033773639,39.9335960966177,9.07620487565816,0.136266940223921,0.506301338985781,39.9335960966177,9.07620487565816,-142.526183100863,"608b14a312c099ac00b721b6","abc","2023-06-23-16-15","2023-06-23","full_run",0,193.9972,"Without",4,"First",2691232,"44:51",1536940,"25:36",20,"female","SomeCollege",28,3,3.2,3.8,5.4,23,2,2,1,0,1,1,3,0,0,0,0,0,0,0,0,0,0,0,0,0,1,0,0,1,0,0,1,1,0,0,0,0,0,0,62,24,30,13,71,66,1,1,6.92847142857143
"71","nz424b2c",0.733474828626073,145.381221529551,0.740319008199796,145.132652659158,0.00172645298753752,31.9913700775646,39.7353138185657,0.148642854694694,0.653907300882713,31.9913700775646,39.7353138185657,-112.287579137772,"600e06e28546f25be49539fa","abc","2023-06-26-16-51","2023-06-26","full_run",0,190.1559,"Without",4,"First",4160077,"69:20",2479880,"41:19",37,"male","Master",28,3,4,4,4.6,75,2,0,3,0,0,0,2,0,2,0,0,3,0,0,0,0,1,0,0,0,1,0,1,1,1,0,1,1,1,0,0,0,1,1,70,69,27,26,70,64,0,20,6.79128214285714
"72","o7czn20k",0.586823374177008,50.6208817320491,0.522078929282512,12.1650831764388,0.0209081587255495,13.6649347594074,12.0126659307486,0.0842381326659246,1.1730228458556,13.6649347594074,12.0126659307486,-259.618871431692,"5f2a12f5837dd81e5881b7cc","abc","2023-06-24-22-45","2023-06-24","full_run",0,194.422,"Without",4,"First",2719397,"45:19",1486936,"24:46",44,"male","SomeCollege",28,3,1,3.8,1.6,97,3,3,2,1,0,0,3,3,0,2,0,3,0,0,0,0,1,0,1,1,1,1,0,1,0,0,0,0,0,0,0,1,1,0,44,59,3,0,93,100,0,47,6.94364285714286
"73","o7ve545n",0.492403448468483,104.404411673213,0.670757445383796,149.214507370722,6.93756201301858e-05,28.0108255255507,26.8633116606348,0.0857483600830377,0.26907031064279,28.0108255255507,26.8633116606348,-258.18497002112,"62dc94647a3840f6289d68d4","abc","2023-06-25-15-26","2023-06-25","full_run",0,183.6517,"Without",4,"First",2376955,"39:36",1232916,"20:32",36,"male","HighSchool",28,3,2.6,4,5,74,1,1,1,0,0,0,2,1,1,1,0,1,0,0,0,0,0,0,0,0,0,0,0,0,0,0,0,1,0,0,0,1,1,0,50,43,37,22,57,57,24,50,6.55898928571428
"74","oh59rujj",0.701838385051119,155.992840748458,0.5714793722935,86.7134522514435,0.543033450237265,39.711078684245,25.7933439428027,0.132088483616665,1.0380591754715,39.711078684245,25.7933439428027,-135.58845500933,"5dae25fc2e361800135fbd02","abc","2023-06-26-16-32","2023-06-26","full_run",0,177.4331,"Without",4,"First",5900693,"98:20",4908647,"81:48",61,"female","Master",28,3,2.4,3.4,3.6,70,2,2,3,0,0,1,1,0,0,0,0,1,0,0,0,0,0,1,1,0,1,1,0,0,0,0,0,1,0,0,0,1,0,0,76,64,54,45,62,59,74,71,6.33689642857143
"75","oovk5u7v",0.241003530845092,109.273300728912,0.845594991984962,50.2496975108995,0.0132962244418981,38.4289571337444,13.2216034978405,0.113024582017768,0.431052383770801,38.4289571337444,13.2216034978405,-182.814325460178,"628d114b1acd87ea1b37874e","abc","2023-06-06-17-23","2023-06-06","full_run",1,183.8012,"Without",4,"First",2026028,"33:46",902755,"15:2",29,"male","SomeCollege",28,3,2,3,5.2,85,2,2,3,1,1,1,3,2,3,0,0,3,0,1,1,1,0,1,0,1,1,0,1,1,1,1,1,1,0,0,0,1,1,0,84,84,37,25,85,86,6,7,6.56432857142857
"76","oqkd9cw6",0.793820901688515,155.597723730374,0.807100298825076,149.380811516631,1.08481563247976e-06,6.81774352051651,35.0474648793166,0.183179044018114,0.469769180142674,6.81774352051651,35.0474648793166,-72.0082405220454,"62a1ed3d1357f3e033ae44f9","abc","2023-06-22-19-17","2023-06-22","full_run",0,187.1418,"Without",4,"First",2348921,"39:8",1251586,"20:51",23,"male","Bachelor",28,3,1.2,2.4,4.8,77,2,1,2,1,1,1,3,0,0,1,1,2,0,0,0,0,0,1,0,0,1,0,0,1,0,1,1,1,0,0,1,1,1,0,81,72,59,56,76,72,25,24,6.68363571428571
"77","p5ehl1jp",0.647647788726595,68.7509298010599,0.640091086418141,115.024296769513,0.145831705121503,39.8812230898738,8.34259339347134,0.177675200714087,0.88924164932525,39.8812230898738,8.34259339347134,-68.8022413619858,"6130cdbb53f773b3125576a7","abc","2023-06-12-15-59","2023-06-12","full_run",0,172.2224,"Without",4,"First",3643829,"60:43",2114930,"35:14",67,"male","HighSchool",28,3,1.8,4.2,5.6,100,1,1,0,3,1,1,0,0,0,0,0,3,0,1,0,1,1,1,0,0,0,0,0,0,0,1,0,0,0,0,0,0,0,0,59,67,50,52,50,50,50,54,6.1508
"78","psjhtf8a",0.819268510477692,33.9886485410907,0.737000043453701,1.69104764123254,0.369413078081049,39.9743562337677,10.5402466145705,0.137088123194696,0.757362431093727,39.9743562337677,10.5402466145705,-134.384997650804,"58595b56a3149800011e156e","abc","2023-06-26-18-45","2023-06-26","full_run",0,172.9969,"Without",4,"First",1764839,"29:24",977485,"16:17",52,"female","HighSchool",28,3,1.8,1.8,5,13,1,0,1,1,1,1,2,1,1,2,1,1,0,0,0,0,0,1,0,0,0,1,0,0,0,0,0,0,0,0,0,1,1,0,77,87,76,80,78,80,1,2,6.17846071428571
"79","pt4fljw4",0.556548065067139,73.2309165511326,0.635965864209253,26.03275278958,0.0798420760273404,39.9496626177926,36.719802385607,0.120574315323039,1.75896803863399,39.9496626177926,36.719802385607,-174.054139739425,"61105071fe05cd89830dcc43","abc","2023-06-24-20-35","2023-06-24","full_run",0,191.4366,"Without",4,"First",3477309,"57:57",1918361,"31:58",22,"other","Bachelor",28,3,3.8,2.8,4.2,16,2,1,2,0,0,0,3,0,0,0,0,0,0,0,0,0,0,0,0,0,0,0,0,0,0,0,0,1,0,0,1,1,0,0,89,85,48,48,51,50,0,0,6.83702142857142
"80","q07kucsw",0.626510691619736,141.50670446408,0.436722065048546,125.537414942542,0.00148617732338607,27.0800923237052,32.0657492056386,0.125326832074316,1.20234206037531,27.0800923237052,32.0657492056386,-164.560287844531,"613135f6ddd68fe7f6a4c181","abc","2023-06-26-16-33","2023-06-26","full_run",0,192.3958,"Without",4,"First",2721033,"45:21",1130287,"18:50",24,"female","Master",28,3,2.4,3.2,5.2,100,2,2,2,0,0,0,3,2,1,1,0,3,0,0,0,0,0,0,0,0,1,0,0,1,1,1,1,0,0,0,1,0,0,0,24,30,68,61,40,44,0,0,6.87127857142858
"81","q3b77d83",0.742955729031128,11.2316826636919,0.771827707482854,13.5813278678587,0.352787586087846,36.515316258795,5.41164235822111,0.12728515298577,0.476271053234706,36.515316258795,5.41164235822111,-145.578614671233,"5f5eb22e58c9fb7782a6e90c","abc","2023-06-12-16-14","2023-06-12","full_run",0,184.6008,"Without",4,"First",3071216,"51:11",1569403,"26:9",57,"male","Bachelor",28,3,1.8,3.6,4.8,50,1,0,1,0,0,0,2,0,0,1,0,1,0,0,0,0,0,0,0,0,0,1,0,0,0,0,0,0,0,0,1,1,1,0,100,100,40,26,75,50,8,6,6.59288571428571
"82","q50cay2n",0.626897680226686,90.4431541729991,0.718401005196616,151.279619824784,3.27364793470523e-05,10.7430795510671,2.50533086521584,0.0980296237440277,0.410655409333078,10.7430795510671,2.50533086521584,-223.791323341624,"5ed96b216cd601153c1882f0","abc","2023-06-24-20-34","2023-06-24","full_run",0,184.7035,"Without",4,"First",2647633,"44:7",1405897,"23:25",37,"male","HighSchool",28,3,3,4.2,4.8,97,2,1,1,1,1,2,3,2,1,0,0,1,0,1,0,0,0,0,1,0,0,0,0,0,0,0,1,1,0,0,0,1,1,0,84,88,42,50,73,71,1,9,6.59655357142857
"83","qawx8nb2",0.720540365452532,1.60439650822794,0.758595996544425,150.012783602271,0.999786855570991,11.5925625026198,3.02101327112066,0.0914124331451305,0.30628651079034,11.5925625026198,3.02101327112066,-235.234928051032,"63b7663b1d5844877e852ea7","abc","2023-06-22-19-14","2023-06-22","full_run",0,175.8235,"Without",4,"First",3878278,"64:38",1659584,"27:39",22,"female","SomeCollege",28,3,2.4,5,5.2,74,1,1,2,0,0,1,3,0,0,1,0,1,0,0,0,0,0,0,0,1,0,0,0,0,0,1,0,0,0,0,0,0,0,0,77,90,20,0,72,76,73,64,6.27941071428572
"84","qe5e38dy",0.712462622087109,36.5048788958344,0.652579486804492,37.9258350724999,0.279755818984555,39.6250943603789,14.4792429603212,0.119363553765313,0.725349704219768,39.6250943603789,14.4792429603212,-157.648195387072,"603ae163f21b736f470992bd","abc","2023-06-24-20-32","2023-06-24","full_run",1,175.4665,"Without",4,"First",1785332,"29:45",830339,"13:50",20,"female","HighSchool",28,3,3,4.6,5.4,78,2,2,1,0,0,0,1,0,0,1,0,3,0,0,0,0,0,0,0,0,1,0,0,1,1,1,1,1,0,1,1,1,1,0,100,76,75,50,50,50,25,25,6.26666071428571
"85","qqsdhoaq",0.778841328013255,74.3399724695759,0.218706399240435,11.6221634859557,0.272044644514841,39.5727264953722,37.6308981647269,0.184257341552757,7.84094974115152,39.5727264953722,37.6308981647269,-60.993029843356,"5f920aa80a785011ef6906e3","abc","2023-06-23-18-02","2023-06-23","full_run",1,185.6418,"Without",4,"First",3202303,"53:22",2081827,"34:41",34,"male","SomeCollege",28,3,5.8,4,5.6,100,3,1,2,1,1,1,3,3,0,2,0,3,0,1,0,0,1,0,0,0,1,1,1,1,1,1,0,0,0,1,1,1,1,0,0,22,0,0,70,76,0,0,6.63006428571428
"86","rovbg9xl",0.804215099519452,1.65237699993228,0.848310269924875,5.35565400736769,0.129483082425958,39.3696518544356,11.6005558217416,0.101504491276991,0.483875302696389,39.3696518544356,11.6005558217416,-207.778444180823,"62d3206140b01ddb27268dd2","abc","2023-06-24-20-32","2023-06-24","full_run",0,192.7007,"Without",4,"First",2510374,"41:50",1540693,"25:40",41,"male","Bachelor",28,3,1.2,2.6,5.2,28,2,2,2,0,0,0,1,0,0,1,0,1,0,0,0,0,0,0,0,0,0,1,1,1,0,1,1,0,0,0,0,0,0,0,63,71,37,19,76,75,10,23,6.88216785714286
"87","rufsfloj",0.601672309098898,96.0841038324816,0.660678529837836,129.57070900655,6.49007108214638e-06,11.0233371828354,10.1954077226753,0.188574492151049,0.842183152892812,11.0233371828354,10.1954077226753,-68.9877762987044,"63ba10de73415d047e1d6731","abc","2023-06-23-14-08","2023-06-23","full_run",0,187.6145,"Without",4,"First",3256052,"54:16",1846408,"30:46",49,"female","Bachelor",28,3,3.8,4.2,4.8,85,1,2,1,2,2,1,1,0,0,0,0,1,1,0,0,1,0,1,0,0,0,0,0,0,0,1,1,1,0,1,1,1,1,0,82,67,56,54,75,69,15,8,6.70051785714286
"88","s7h1nzq6",0.764115789744587,44.4256510506771,0.789664526911724,135.600662222161,0.68421483317269,5.36038570770454,2.01825222670156,0.139490538830736,1.25147825123504,5.36038570770454,2.01825222670156,-123.524805670606,"5c1c74700036a80001193c24","abc","2023-06-24-20-42","2023-06-24","full_run",1,173.667,"Without",4,"First",4156625,"69:16",1110842,"18:30",35,"female","SomeCollege",28,3,0.8,3.4,4.6,89,1,1,1,0,0,0,2,1,1,2,0,3,0,1,0,0,1,0,0,0,0,1,0,0,0,0,0,1,0,0,0,0,1,0,86,70,73,49,73,74,73,49,6.20239285714286
"89","sq2sz1m1",0.674301922258531,53.1909392740041,0.671682746446885,136.889313296974,0.00318955041410658,21.9695699280128,33.9541056483056,0.172967985381453,0.810268330961688,21.9695699280128,33.9541056483056,-77.0529828164501,"61127edae420c460b6e45aa0","abc","2023-06-22-19-02","2023-06-22","full_run",0,192.3379,"Without",4,"First",3687608,"61:27",1724736,"28:44",40,"female","Bachelor",28,3,1.6,3.2,4,20,2,2,1,0,0,1,0,0,0,2,0,1,0,0,0,0,0,0,0,0,0,1,0,0,0,0,0,1,0,0,0,0,1,0,75,74,25,0,63,75,0,42,6.86921071428572
"90","sz9bwmfe",0.608913128177456,25.662706539969,0.803116730174314,159.84984104387,0.0294177104512874,39.9951790831307,26.8255371306536,0.176300798095093,0.524034368359574,39.9951790831307,26.8255371306536,-70.5082235036769,"5f7e235793c5e10cba3bbb4d","abc","2023-06-22-19-20","2023-06-22","full_run",0,177.862,"Without",4,"First",3665427,"61:5",2250781,"37:30",59,"female","Bachelor",28,3,1,2.4,4.2,15,1,1,1,1,1,1,2,1,1,0,0,1,1,0,0,0,0,1,0,0,0,0,0,0,0,0,0,1,0,0,0,0,0,0,69,65,29,25,75,75,9,0,6.35221428571428
"91","t0omdjhl",0.399418070755033,158.139817040041,0.745404109746246,11.5793693650255,0.0373496011954838,38.3669876442358,17.451774612435,0.170436525768735,0.591285147598486,38.3669876442358,17.451774612435,-90.6244704893504,"63d40e2ebf8618778fa289f9","abc","2023-06-25-16-13","2023-06-25","full_run",0,188.1794,"Without",4,"First",2461648,"41:1",1462633,"24:22",42,"female","Bachelor",28,3,1.2,3.2,3.2,20,1,1,1,0,0,0,2,0,0,0,0,0,0,0,0,0,0,0,0,0,1,0,0,1,0,1,0,0,0,0,0,0,0,0,50,66,24,29,76,74,25,19,6.72069285714286
"92","uw3x4axw",0.639462040853154,138.903552204658,0.633548343221655,16.1990232023057,0.160190491360018,36.4653714045135,19.9871988663003,0.109906944220251,0.976537425058415,36.4653714045135,19.9871988663003,-177.31885062518,"5b26da1934ffd00001b45d8d","abc","2023-06-23-17-55","2023-06-23","full_run",0,182.5761,"Without",4,"First",4158734,"69:18",1409586,"23:29",38,"male","Bachelor",28,3,0,1.4,6,54,3,3,3,2,2,2,0,0,0,2,3,2,3,0,0,0,1,0,0,0,1,0,1,1,0,0,0,1,0,0,0,0,0,0,60,61,41,42,81,80,0,0,6.520575
"93","vek3ksp9",0.782280826399937,148.17005702936,0.790853311973853,142.650695683137,0.00223790409982408,24.6291337549852,3.65561952336404,0.131683183409468,0.46081347914565,24.6291337549852,3.65561952336404,-156.791201715395,"5f5848bad298df3b59ffcd12","abc","2023-06-12-16-10","2023-06-12","full_run",0,173.9318,"Without",4,"First",2444470,"40:44",1247573,"20:47",35,"female","Bachelor",28,3,2,3.8,4.8,26,2,2,1,1,1,1,3,0,0,0,0,2,0,1,0,1,1,0,0,1,1,1,1,1,1,1,1,0,0,0,1,0,0,0,50,50,60,27,75,77,0,0,6.21185
"94","vezaobqf",0.723363281338915,74.0409949218948,0.529331415894685,71.0453997724272,0.00106076850376017,31.7206005914717,39.925508964248,0.117868547598667,0.518751583367695,31.7206005914717,39.925508964248,-160.364972781196,"566a1d697da0350005b39de3","abc","2023-06-23-18-05","2023-06-23","full_run",0,192.2478,"Without",4,"First",2765710,"46:5",1646527,"27:26",66,"male","Master",28,3,0.2,2,4,17,2,2,0,3,0,1,0,0,0,0,0,0,0,0,0,0,0,1,0,0,0,0,0,0,0,0,0,0,0,0,0,0,0,0,14,13,25,25,63,85,0,0,6.86599285714286
"95","vv8nv2rl",0.93867941032344,4.89455128932062,0.963670966712538,1.86814238905782,0.411782755209147,39.5819756008739,8.88181136344378,0.117170910228446,0.400567856394455,39.5819756008739,8.88181136344378,-161.624584479562,"610c59ee34cc312d7ca55e45","abc","2023-06-22-19-27","2023-06-22","full_run",0,186.1101,"Without",4,"First",6698628,"111:38",3576409,"59:36",27,"female","Bachelor",28,3,1.4,2.8,4,79,1,2,2,0,1,0,2,1,0,2,1,1,0,1,0,0,1,0,0,1,0,0,0,1,0,1,1,0,0,0,1,0,0,0,69,70,48,50,73,73,12,44,6.64678928571429
"96","wqp4kgnn",0.593398335950876,159.758673298178,0.650538922147551,156.52652737866,0.0975568262640779,29.2956662622469,29.8559959626052,0.160610782196746,1.29276161037511,29.2956662622469,29.8559959626052,-102.554329434447,"5f4966420471864c5533666f","abc","2023-06-24-20-16","2023-06-24","full_run",0,193.3263,"Without",4,"First",2220782,"37:0",1298937,"21:38",21,"male","NoHighSchool",28,3,1,3.2,5.2,84,1,1,2,0,0,0,1,1,0,0,0,0,0,0,0,0,0,0,0,0,0,0,0,0,0,0,0,0,0,0,0,1,0,0,26,64,0,25,62,71,0,83,6.90451071428571
"97","wu163rh7",0.680485789135613,57.0558847066766,0.770018208993582,144.174131770007,0.00205570683762506,9.62300964649767,38.8520415819479,0.158337882446411,0.481312644735817,9.62300964649767,38.8520415819479,-96.2559751909634,"5e4c6b5f60c37d0cb9df947c","abc","2023-06-23-16-15","2023-06-23","full_run",0,188.1268,"Without",4,"First",2153543,"35:53",1559811,"25:59",42,"male","Bachelor",28,3,1,3.8,3.2,94,3,2,1,0,0,0,3,0,0,1,0,3,0,0,0,0,0,0,0,0,0,1,0,1,0,0,0,0,0,0,0,0,1,0,36,0,18,14,95,93,0,0,6.71881428571429
"98","x6f4bju0",0.539128141939886,157.473366894973,0.57229829242016,157.18047350868,0.0942699871562089,24.331873028914,20.6981438546434,0.1598177235088,9.99386525032037,24.331873028914,20.6981438546434,-90.8876597873595,"5be8fd6925507300010dddae","abc","2023-06-26-16-26","2023-06-26","full_run",1,174,"Without",4,"First",2363501,"39:23",1334123,"22:14",31,"female","SomeCollege",28,3,0.8,3,5.6,100,0,0,1,0,0,0,3,0,0,0,0,0,0,0,0,0,1,0,0,0,0,0,0,0,0,1,1,0,0,0,1,1,1,0,75,75,50,50,75,75,23,24,6.21428571428571
"99","xet6subk",0.735243873992406,130.97315697799,0.759210494405797,90.8763889919251,4.30617443117828e-05,31.0049655640658,35.6725334529099,0.0888576426101454,0.297533308702733,31.0049655640658,35.6725334529099,-248.764761494139,"5e533e9d1ffa373595a2bcfb","abc","2023-06-23-14-08","2023-06-23","full_run",1,188.0914,"Without",4,"First",2174379,"36:14",1295542,"21:35",32,"male","Bachelor",28,3,1.6,2.8,5.2,14,2,2,3,0,0,0,3,0,0,0,0,1,0,0,0,0,0,0,1,0,0,0,0,1,0,0,0,1,0,0,0,0,1,0,71,67,41,40,75,72,13,13,6.71755
"100","xur20ox7",0.720714932649023,146.460662563562,0.787643346592099,154.347285300866,7.26514393483389e-05,13.4406646812524,22.4515575940287,0.101889827644969,0.29713692795105,13.4406646812524,22.4515575940287,-223.156866815103,"636168a962acef1f1f1cc4ce","abc","2023-06-22-19-07","2023-06-22","full_run",0,186.8805,"Without",4,"First",1713021,"28:33",1134318,"18:54",38,"female","Master",28,3,0.8,3.2,3.4,36,2,1,1,0,0,0,3,0,0,0,0,1,0,0,0,0,0,0,0,0,1,0,0,0,0,0,0,1,0,0,0,1,1,0,75,76,62,61,69,70,0,0,6.67430357142857
"101","xxtddo3m",0.958734699053757,2.31113025257588,0.910729607326128,1.85591295346378,0.555959274200337,12.2867190975507,12.277306293249,0.0648265638567553,0.316424265040164,12.2867190975507,12.277306293249,-326.668135657825,"5bee108b6f2d54000198e0c6","abc","2023-06-24-20-42","2023-06-24","full_run",0,184.5151,"Without",4,"First",2158785,"35:58",1018142,"16:58",51,"male","SomeCollege",28,3,2.6,3.6,4.2,50,1,1,1,0,0,0,0,1,1,0,0,1,0,0,0,0,0,0,0,0,0,0,0,0,0,0,0,0,0,0,0,0,0,0,24,25,25,24,23,24,25,25,6.589825
"102","y5fg4r0r",0.889800386761843,2.94272516359211,0.838559675930741,6.07270731841205,0.394512289053974,39.6226917736415,7.63366613547051,0.124518598387589,0.347995680744996,39.6226917736415,7.63366613547051,-165.35741169449,"5658f4787d69570012dfe2d1","abc","2023-06-22-19-01","2023-06-22","full_run",0,181.6621,"Without",4,"First",2468126,"41:8",1360984,"22:40",47,"female","Bachelor",28,3,3.6,1.8,4.8,34,1,2,1,1,2,2,2,0,0,0,0,2,0,0,0,1,0,1,0,0,0,0,0,0,0,1,0,0,0,0,0,1,0,0,89,94,43,45,82,83,12,13,6.48793214285714
"103","yg4kx7h7",0.563113368878028,73.5596553821058,0.609562515953313,12.1494789865167,0.327137401328701,38.7198958056188,30.1733579921067,0.119660061408438,9.96618761823357,38.7198958056188,30.1733579921067,-159.709091921051,"60fdf18884991b2263f75eec","abc","2023-06-24-20-32","2023-06-24","full_run",1,165.4715,"Without",4,"First",1785926,"29:45",1052483,"17:32",22,"female","SomeCollege",28,3,5.4,3.4,5.2,77,1,3,2,3,3,1,3,0,0,0,0,1,0,1,0,0,0,0,0,1,1,0,0,0,0,1,0,1,0,0,1,1,1,0,50,37,62,50,77,51,0,100,5.90969642857143
"104","ynx5yx4t",0.607555459413311,36.3979698413357,0.651613670162911,14.5625021159353,0.152703329301664,39.8231661650575,17.127976652726,0.110010104977449,0.753442308817796,39.8231661650575,17.127976652726,-177.35861620832,"5dd0749782569a156ed4f658","abc","2023-06-23-17-50","2023-06-23","full_run",0,187.5958,"Without",4,"First",1732605,"28:52",953501,"15:53",29,"male","Bachelor",28,3,1.4,4.2,3.8,70,1,1,1,0,1,1,2,0,0,0,1,2,0,1,0,1,0,0,0,1,0,1,0,0,1,1,1,0,0,0,0,0,0,0,77,76,74,74,100,100,25,75,6.69985
"105","yuujulja",0.660490016034504,151.035057623459,0.596402929078304,145.514575539486,0.0041461592675285,23.4169125774786,9.68165548629687,0.14359997980521,0.626417559252597,23.4169125774786,9.68165548629687,-130.651229590037,"5d4bed118cbe900016c1f6d0","abc","2023-06-25-21-02","2023-06-25","full_run",0,184.9855,"Without",4,"First",2432215,"40:32",1365461,"22:45",31,"male","Bachelor",28,3,1,1.4,5.2,77,1,1,2,0,0,1,3,1,1,0,0,0,0,0,0,0,1,0,1,0,0,0,0,0,0,0,1,1,0,0,0,1,1,0,57,54,48,34,65,59,6,0,6.60662500000001
"106","z5vs6sop",0.789661510687835,2.11588493464068,0.514907084091185,11.9097687465662,0.604256601712819,39.4991425220403,12.1124742158429,0.0808277553561613,0.71158275213331,39.4991425220403,12.1124742158429,-246.687940599651,"57a6d7fac6144900014a47e7","abc","2023-06-25-15-21","2023-06-25","full_run",2,172.3336,"Without",4,"First",2648471,"44:8",1558548,"25:58",62,"female","SomeCollege",28,3,2,4,3.6,100,0,0,1,0,0,0,2,0,0,0,0,1,0,0,0,0,0,0,0,0,0,0,0,0,0,1,0,1,0,0,0,1,0,0,75,50,24,23,75,85,49,49,6.15477142857143
"107","z87hfwv7",0.621442210127428,23.0987152982503,0.471435133276664,1.65492353094273,0.237314108382191,29.4389012384138,21.1137882360533,0.167914425828523,0.951741101958267,29.4389012384138,21.1137882360533,-89.2870829065475,"6154940e788774dc9a1ec182","abc","2023-06-23-17-58","2023-06-23","full_run",2,188.0638,"Without",4,"First",6082444,"101:22",957302,"15:57",21,"female","Bachelor",28,3,1.4,2.2,4.8,87,2,1,1,0,0,0,1,0,0,0,0,1,0,0,0,0,0,0,0,1,1,1,0,0,0,0,0,1,0,0,1,0,0,0,23,25,25,24,53,63,1,72,6.71656428571429
"108","zehb9arf",0.590583105832185,99.5438809614629,0.609866447622134,138.68009823598,0.242515147136924,39.4249067223974,24.4811679911942,0.161828933469823,1.19306293457598,39.4249067223974,24.4811679911942,-90.6146667850976,"6352b3c968388ef86f3556db","abc","2023-06-22-19-15","2023-06-22","full_run",0,175.0471,"Without",4,"First",1722872,"28:42",1062221,"17:42",23,"male","Bachelor",28,3,1.8,3.8,4.2,64,2,1,1,1,1,0,2,0,0,0,0,2,0,0,0,0,1,1,1,0,1,0,0,1,0,1,1,1,0,1,1,1,1,0,40,38,37,38,72,83,4,0,6.25168214285715
"109","zg8wehcs",0.858775838845281,30.3093377639557,0.928998766543083,11.184324330402,0.451833725807967,38.3394686940812,7.33663235281076,0.126145508096887,0.328364209062882,38.3394686940812,7.33663235281076,-162.847235915193,"61014855d7af243b1dfef7e2","abc","2023-06-23-14-24","2023-06-23","full_run",0,178.8597,"Without",4,"First",2549940,"42:29",1589600,"26:29",25,"female","SomeCollege",28,3,0.4,5,2.8,81,1,1,1,0,0,1,3,0,0,1,0,2,1,0,0,0,0,0,0,0,1,0,1,1,0,1,1,1,0,0,1,1,0,0,14,25,50,43,74,71,23,28,6.38784642857143
"110","zjxxg1qs",0.630505886998817,5.09827840138746,0.728754921543015,35.3982826011832,0.316511298492161,39.2544418682116,21.7414886856511,0.118951015698095,0.70997888751198,39.2544418682116,21.7414886856511,-177.022258755248,"63f549bef0cbe0eb9262249e","abc","2023-06-26-16-21","2023-06-26","full_run",1,177.7494,"Without",4,"First",2221121,"37:1",1230918,"20:30",51,"female","Master",28,3,1.4,4.2,4.2,75,1,1,2,0,0,1,3,1,0,0,0,0,0,0,0,0,0,0,0,0,0,0,0,0,0,0,1,0,0,0,0,0,0,0,27,67,25,68,24,72,4,24,6.34819285714286
"111","ztdm09e0",0.575043412344612,26.0698820569686,0.599023549088131,33.4854302496476,0.234511611140296,36.4871938608208,35.2687371841651,0.185045449311427,9.3827663457019,36.4871938608208,35.2687371841651,-65.4810184063464,"647fb4b45abf72fc35ad7855","abc","2023-06-23-14-38","2023-06-23","full_run",0,184.3105,"Without",4,"First",2676781,"44:36",1289049,"21:29",48,"male","SomeCollege",28,3,1.8,4.2,4.2,68,2,1,2,0,0,1,3,0,2,0,0,3,0,0,0,0,0,0,0,0,0,0,0,0,0,1,0,0,0,0,0,0,1,0,58,50,25,50,75,75,0,23,6.58251785714286
