"","completion_code","beta_b_mean","beta_b_uncertainty","beta_g_mean","beta_g_uncertainty","lambda_forgetting","alpha_weight","beta_weight","confidence_noise","conf_transform","neg_log_likelihood","worker_id","hit_id","start_ISO_time","date","pilot_type","times_comprehension_wrong","score","condition","max_block_number","news_station_first","time_on_task_in_ms","time_on_task","time_on_main_task_in_ms","time_on_main_task","age","gender","education","num_of_main_trials","catch","credulity","mistrust","trust","wvs","trust_Press","trust_Television","trust_SocialMedia","frequency_Cable","frequency_NatTV","frequency_LocalTV","frequency_Socialmedia","frequency_Podcasts","frequency_Blogs","frequency_PublicRadio","frequency_TalkRadio","frequency_NewsSitesApps","frequency_PrintNewspapers","ABC News","Breitbart","CBS News","CNN","Fox News","MSNBC","NBC News","New York Times","NPR","Wall Street Journal","Washington Post","USA Today","Facebook","Instagram","Twitter","WhatsApp","Snapchat","TikTok","YouTube","Reddit","LinkedIn","bluebias_trust","bluebias_improve","random_trust","random_improve","helpful_trust","helpful_improve","opposite_trust","opposite_improve","normalized_score"
"1","098ba6vj",0.6869842054121,56.569240524047,0.727091559545549,78.9845438075584,0.00109523870214563,1.43450826192331,1.44462602504638,0.0943689381567216,0.515666422647178,-124.460148225357,"5d01b9d4c9281200151c7c6b","abc","2023-04-24-17-29","2023-04-24","full_run",0,88.445,"With",4,"First",1110455,"18:30",458103,"7:38",28,"female","Bachelor",28,3,1.8,3.2,3.6,50,1,1,1,0,0,0,1,0,0,0,0,1,0,0,0,0,0,0,0,0,0,0,0,0,0,0,0,1,0,0,0,1,1,0,48,49,2,4,99,99,0,0,3.15875
"2","0p8dfxsx",0.525154724877421,47.4540794424437,0.579476073689028,72.1940595830889,0.000947744944014807,0.852301618863683,1.17199134646414,0.116710616944954,2.29834981977769,-89.4741239340727,"5f4000a47ed89c0e7f2e3760","abc","2023-04-17-20-13","2023-04-17","full_run",0,91.5428,"With",4,"First",1761870,"29:21",933085,"15:33",33,"male","SomeCollege",28,3,0.6,3.6,4.4,40,0,0,0,0,0,0,1,1,0,0,0,0,0,0,0,0,0,0,0,0,0,0,0,0,0,1,0,1,0,0,0,1,0,0,68,76,0,0,100,100,0,0,3.26938571428571
"3","0v582u1x",0.769902889182049,6.15536858041022,0.700855733126629,2.36207624487204,0.265323225637797,0.627018254756713,0.519166680077828,0.150907492192365,1.46374192988628,-63.7206842277957,"5d2c030eb3efb1001b7e4989","abc","2023-04-24-17-39","2023-04-24","full_run",0,89.8167,"With",4,"First",4088005,"68:8",3182647,"53:2",49,"female","SomeCollege",28,3,1.2,2.8,4.4,10,0,0,0,0,0,0,1,0,0,0,0,0,0,0,0,0,0,0,0,0,0,0,0,0,0,0,0,0,0,0,0,0,0,0,25,72,2,3,75,76,49,50,3.20773928571428
"4","18f9dq22",0.836738609167457,13.8358559824567,0.987973462205054,3.4500127408882,0.168886795902211,1.99977264395272,0.810558035558208,0.261775821210687,0.96309831667474,8.50020543975845,"5f3227893ca51916b4ff6d9d","abc","2023-04-17-20-36","2023-04-17","full_run",1,81.269,"With",4,"First",2917705,"48:37",867410,"14:27",33,"female","Bachelor",28,3,1.6,3.4,3.2,4,2,1,0,0,1,0,3,0,0,0,0,1,0,0,0,0,0,0,0,0,0,1,0,0,0,0,0,0,0,0,0,1,1,0,50,25,25,24,87,75,97,91,2.90246428571429
"5","1dyrl1uf",0.546303694963517,77.7365745096878,0.501588125523935,66.0460295055062,0.000639241850985544,1.07102610775923,1.05007877111812,0.157758253198067,4.00143722565139,-49.7427641303394,"614d465852620924f85603c8","abc","2023-04-24-19-48","2023-04-24","full_run",0,93.3548,"With",4,"First",3421088,"57:1",954830,"15:54",36,"female","SomeCollege",28,3,1.8,3.4,5.8,93,3,3,2,0,0,0,1,0,0,1,0,2,0,0,0,0,0,0,0,0,0,0,0,0,0,1,0,0,0,0,0,1,0,0,75,66,2,4,99,99,6,63,3.3341
"6","1gw8p2et",0.593144237897359,2.87993302568793,0.679364448838051,2.59344113999628,0.376057950873414,0.659161425999671,0.504675114205012,0.344210304749522,3.86357179167426,42.3506182699986,"5f3ac1732efa0a74f975b1a8","abc","2023-04-24-19-48","2023-04-24","full_run",0,73.4076,"With",4,"First",2365924,"39:25",1178089,"19:38",28,"female","HighSchool",28,3,0.4,3,3.6,72,2,2,0,1,1,0,0,0,0,0,0,3,0,0,0,1,0,0,0,0,1,0,0,0,0,0,0,0,0,0,0,0,0,0,46,72,0,0,75,100,0,24,2.6217
"7","1nmj9t5e",0.762463590939051,79.8493421542454,0.856013793677109,79.9574848451204,9.0827300055716e-05,1.99701980617317,0.500123318788533,0.152844458693006,0.460941016489017,-62.5924482114574,"5e535a49ac9ed13700f62def","abc","2023-04-17-20-45","2023-04-17","full_run",0,74.6541,"With",4,"First",5585639,"93:5",1687267,"28:7",35,"female","HighSchool",28,3,2.2,3.4,3.6,79,2,2,2,1,1,2,2,2,0,0,1,2,1,0,0,0,0,1,0,0,1,0,1,0,1,1,0,1,0,0,0,1,0,0,55,56,53,50,56,58,57,58,2.66621785714286
"8","291s3y34",0.487549023615779,44.8323839739323,0.56946288003015,28.3431475873926,0.000758418108603778,0.658282616772768,0.713570374127316,0.168543705795896,3.16769437419891,-40.1896332267313,"570521cfde5095001018a0c8","abc","2023-04-18-16-39","2023-04-18","full_run",0,92.2328,"With",4,"First",1527107,"25:27",677308,"11:17",52,"male","Bachelor",28,3,1.2,2.8,3.4,25,2,2,2,0,0,0,1,0,0,0,0,3,0,0,0,0,0,0,0,0,1,0,0,1,0,0,0,0,0,0,0,1,0,0,59,54,5,0,100,100,14,5,3.29402857142857
"9","3aw6ekb6",0.626269722601252,78.6940724025619,0.663088362469218,63.3017704958375,0.0197407875015177,0.675897863721692,0.8432847195539,0.0819938448638505,0.810265336727254,-149.578360099623,"5d88db42c1d06e001a1fdcab","abc","2023-04-21-15-48","2023-04-21","full_run",0,88.4689999999999,"With",4,"First",1849949,"30:49",1123616,"18:43",48,"female","Bachelor",28,3,1.2,2.2,4.6,37,2,2,1,3,3,2,3,2,2,1,1,3,1,0,0,0,0,1,0,0,0,0,1,0,0,1,0,1,0,0,0,1,0,0,55,41,59,53,91,89,5,6,3.15960714285714
"10","3dauepxj",0.51683728960865,57.6696168992417,0.522809625680755,53.0024654533714,0.00103214981815884,0.734741956574053,1.11507211077516,0.153093719057602,5.38665205431317,-55.8293656459721,"5eb5f6d5e38e9f4e6c8dde3f","abc","2023-04-22-21-39","2023-04-22","full_run",0,90.4401,"With",4,"First",2831388,"47:11",948397,"15:48",24,"female","Bachelor",28,3,3,2.4,5.8,27,4,4,4,3,2,3,3,1,0,0,1,3,2,0,0,0,1,0,0,0,1,1,0,0,0,1,1,1,0,1,1,1,0,0,100,100,3,9,84,90,0,0,3.23000357142857
"11","3g586t5p",0.697833098567967,23.6557708980147,0.684403706166943,9.78979273533173,0.00407656119205058,0.900403837248859,0.948577287191358,0.120530988352595,0.726823013734821,-78.4515601818458,"615d051e2366aeb051acb734","abc","2023-04-19-22-02","2023-04-19","full_run",0,92.2328999999999,"With",4,"First",1473419,"24:33",482706,"8:2",31,"female","Master",28,3,1.6,3.8,2.4,73,2,2,1,2,2,0,3,0,1,0,0,1,0,0,0,0,1,0,0,1,0,0,0,0,0,0,0,1,0,0,0,0,0,0,65,90,42,61,92,100,28,74,3.29403214285714
"12","3s0pfbm9",0.225421138182782,1.60027992072775,0.818183983198357,5.35891215742224,0.00312035340726126,1.99584871609711,1.66464672206347,0.26910273991969,1.89380258146162,13.3284376469418,"601b9077694f034f0092dd8f","abc","2023-04-24-17-38","2023-04-24","full_run",0,82.105,"With",4,"First",1492286,"24:52",699075,"11:39",35,"female","SomeCollege",28,3,0.6,2,5.4,89,2,2,1,0,0,0,1,1,0,0,0,2,0,0,0,0,1,0,1,0,1,1,1,1,0,0,0,0,0,0,0,0,1,0,24,25,0,0,75,75,0,0,2.93232142857143
"13","3v0oh9e0",0.706470172172795,24.2445937914394,0.697692058828675,23.9595775788071,0.000733073315958937,1.80626822003222,1.78184014374538,0.246411188416889,3.05436295234888,2.47425635094746,"5f63a30a09bd340c84c6688d","abc","2023-04-21-15-48","2023-04-21","full_run",1,75.9861,"With",4,"First",2798080,"46:38",697659,"11:37",44,"female","SomeCollege",28,3,1.6,4.4,4.6,36,0,0,1,0,0,0,1,1,0,0,0,0,0,0,0,0,0,0,0,0,0,0,0,0,0,0,0,1,0,0,0,0,1,0,67,76,39,57,83,73,0,100,2.71378928571429
"14","4fhclpht",0.483496955775441,71.1567177771867,0.590055140337162,13.0872667035812,0.00140521384204024,1.97893868750023,1.70595743466278,0.139910660976862,1.94664391286233,-62.725859814316,"5f6e36c7f042f033d0f97bc1","abc","2023-04-19-22-03","2023-04-19","full_run",0,93.0623,"With",4,"First",1383345,"23:3",760138,"12:40",31,"male","SomeCollege",28,3,1.2,3,4.6,57,0,0,1,0,0,0,1,0,0,0,0,1,0,0,0,0,0,0,0,0,0,0,0,0,0,0,0,0,0,0,0,1,1,0,50,50,0,0,87,100,0,76,3.32365357142857
"15","4npept6m",0.406582066210792,36.7382353411289,0.625041963654459,26.1873811842417,0.0564985800323276,1.10109346320732,1.16327137683678,0.174633367551552,7.99742340655975,-38.8097576478218,"63f78d9a7a3d118594efff74","abc","2023-04-21-15-49","2023-04-21","full_run",1,91.9491,"With",4,"First",1697137,"28:17",530794,"8:50",30,"male","SomeCollege",28,3,3.8,3.6,5.4,38,1,1,0,1,1,1,3,2,1,0,0,1,0,0,0,0,0,0,1,0,0,0,0,0,0,0,0,1,0,0,1,1,1,0,96,91,9,23,56,76,1,76,3.28389642857143
"16","4o5tm4u7",0.587103494376026,66.7416220724583,0.497446116471321,30.3389420154718,0.00082479743127545,1.43831498643361,1.0329398936631,0.157475388226759,8.61944634330059,-49.3798688076046,"62c63c653a49b220cb390bdb","abc","2023-04-17-20-39","2023-04-17","full_run",1,84.2514,"With",4,"First",2265105,"37:45",965607,"16:5",63,"female","SomeCollege",28,3,2,4.6,4.2,100,0,2,0,1,0,1,1,0,0,1,0,1,0,0,0,0,0,0,0,0,0,0,0,0,0,1,0,0,1,0,0,1,0,0,24,24,50,49,50,50,0,0,3.00897857142857
"17","565sx8x5",0.575644497303342,76.4792760655843,0.541878629663078,42.1812891339762,0.00458052600053628,1.0875547690875,0.96260247924985,0.0638389850080946,0.91032079404313,-152.1433328487,"5bea832a4fbb6f00017ea3e9","abc","2023-04-19-22-06","2023-04-19","full_run",0,92.1124999999999,"With",4,"First",1344580,"22:24",596449,"9:56",36,"male","HighSchool",28,3,0.4,5.2,3,91,0,0,1,0,0,0,3,2,1,0,0,2,0,0,0,0,0,0,0,0,0,0,0,0,0,0,0,1,0,0,0,1,1,0,26,23,3,1,82,85,0,0,3.28973214285714
"18","573lgokw",0.583417816200013,12.4059960634728,0.592854384362665,8.91166827644556,0.0140510080382542,1.83204053567567,1.94268394680282,0.207543022529878,2.62465744924487,-17.9683491107584,"632890876b6124c7a15d06f6","abc","2023-04-24-19-58","2023-04-24","full_run",0,91.9428,"With",4,"First",1689508,"28:9",1134458,"18:54",28,"female","Master",28,3,0.6,3,3.6,38,2,1,1,0,0,0,3,3,0,2,0,1,0,0,0,0,0,0,0,0,1,1,1,1,0,0,0,0,0,0,0,1,1,0,87,86,14,33,85,79,9,18,3.28367142857143
"19","5fyaccub",0.522238438968763,68.7746126734403,0.550545777999568,50.8156510409524,0.00236039911645394,1.1013268884538,1.17764505914067,0.160016322672967,9.8107535821768,-49.8423305281325,"63d152b604e8c21933a58a66","abc","2023-04-23-18-12","2023-04-23","full_run",0,90.7488,"With",4,"First",1461247,"24:21",505293,"8:25",32,"male","Bachelor",28,3,0.4,3.6,4.8,69,1,0,1,0,0,0,3,0,0,0,0,0,0,0,0,0,0,0,0,0,0,0,0,0,0,0,0,0,0,0,0,1,1,0,85,88,4,7,93,94,0,75,3.24102857142857
"20","5quhaxf6",0.542940849629092,73.2498601225475,0.512597540186873,42.2901858599098,6.74245111446734e-05,1.26387463446376,1.13964037460927,0.229181561196012,9.67865379899738,-8.54067068057669,"63f77b2aa0d776f479dad4e8","abc","2023-04-21-15-49","2023-04-21","full_run",0,86.2322,"With",4,"First",2384148,"39:44",1438102,"23:58",22,"male","SomeCollege",28,3,1.8,6,3,90,2,1,3,0,0,0,3,2,1,0,0,2,0,0,0,0,0,0,0,0,1,0,1,1,0,0,1,1,0,0,0,1,1,0,75,100,0,77,100,100,0,77,3.07972142857143
"21","70umq1tk",0.789836076957029,2.13936129906075,0.782020741643692,13.5978776017873,0.0321504193883096,0.715487775931177,0.764204113479924,0.128151366782343,0.45008718633662,-86.6803925269367,"615df1b1d27e6932fca18dfa","abc","2023-04-18-16-39","2023-04-18","full_run",0,90.2937,"With",4,"First",1973258,"32:53",918653,"15:18",50,"male","Bachelor",28,3,1.4,4.2,2.4,65,2,2,1,0,1,1,3,2,0,1,0,2,0,1,0,0,0,1,1,0,1,0,1,0,0,0,0,1,0,0,0,1,0,0,28,74,50,72,74,74,2,74,3.224775
"22","74crp9wo",0.803462444776447,79.663730772597,0.840384595223036,79.2946444925341,0.000141090454020543,0.595422278041951,0.500531234831419,0.111743902615828,0.648941198769594,-106.126480767609,"6400e97854fc56890d3f34c9","abc","2023-04-14-14-03","2023-04-14","full_run",2,79.7716,"With",4,"First",655644,"10:55",361536,"6:1",24,"male","SomeCollege",28,3,5.6,3.6,4.6,81,1,1,3,0,0,1,2,3,2,2,0,2,1,0,0,0,0,0,0,0,1,0,1,1,0,1,1,1,1,1,1,1,1,0,77,78,89,72,79,81,88,77,2.84898571428571
"23","7dpjpup9",0.526816132044612,76.9090332260876,0.559164511990097,43.1295648715149,0.00917497945646819,0.820782641095397,0.917353312336817,0.103048798121566,9.81903927803945,-98.3251482316003,"5f6f738fef894f0dbf9839f8","abc","2023-04-22-21-38","2023-04-22","full_run",0,89.1499,"With",4,"First",4572612,"76:12",549712,"9:9",33,"male","Master",28,3,0.4,2.8,5.2,88,1,1,0,3,3,2,3,2,2,2,1,3,0,1,0,1,1,1,0,1,1,1,1,1,0,1,1,1,0,0,0,1,1,0,59,56,64,66,66,74,9,20,3.183925
"24","7xqg519y",0.478171956755476,1.82534102057678,0.703005400544185,4.11887417876161,0.000221808749245587,0.817729697570747,0.774351877354344,0.22203080370169,6.32125575435787,-11.7966580206823,"58e558cc728bea0001bbda24","abc","2023-04-24-19-47","2023-04-24","full_run",0,80.7635,"With",4,"First",1439928,"23:59",711311,"11:51",65,"female","HighSchool",28,3,1.8,2,4.8,72,1,1,1,0,3,3,0,1,0,0,0,0,0,1,0,0,0,0,0,0,0,0,0,0,0,0,0,0,0,0,0,1,0,0,68,74,26,31,84,90,20,73,2.88441071428571
"25","8b0yum1e",0.580556092133921,60.3615412520367,0.648624121557449,78.847121276453,0.00372721682430229,0.558838314897528,1.06542049733923,0.149521518881496,1.73310538124043,-54.1699311329115,"59cc9fef21454d000194c43c","abc","2023-04-24-17-28","2023-04-24","full_run",0,88.3998,"With",4,"First",2124989,"35:24",842017,"14:2",46,"female","SomeCollege",28,3,2.6,3.2,5,100,1,1,2,0,1,0,2,1,0,0,0,1,0,0,0,0,0,0,0,0,0,0,0,0,0,0,0,0,0,0,0,1,0,0,86,84,0,0,94,92,0,5,3.15713571428572
"26","8onp4gvp",0.527223918343956,78.3706168099558,0.539443973237279,25.9791300337425,0.000547229292206812,1.92024642393504,1.36999634294796,0.194045828738085,9.92656085767202,-25.969778835555,"5f8cbc5c355ea745e6cef2ca","abc","2023-04-19-22-09","2023-04-19","full_run",0,84,"With",4,"First",1442392,"24:2",707545,"11:47",38,"female","SomeCollege",28,3,2,3.6,3.8,40,2,1,1,0,0,0,2,0,0,1,0,2,0,0,0,0,0,0,0,0,1,1,0,1,0,0,0,0,0,0,0,0,1,0,51,49,15,11,84,76,0,100,3
"27","919esjvr",0.239105571610998,12.387005013801,0.817255333059516,11.8528772479598,0.197345889257748,0.514025493003447,0.527042710158692,0.254708755027258,1.89679883113628,7.34571562990181,"63efbfe458f4c3eb5af7f703","abc","2023-04-24-17-09","2023-04-24","full_run",0,78.7804,"With",4,"First",971034,"16:11",544457,"9:4",51,"female","Bachelor",28,3,1.8,4,4.6,97,1,0,0,0,0,0,0,0,0,0,0,3,0,0,0,0,1,0,0,0,0,0,1,0,0,0,0,0,0,0,0,0,1,0,21,34,0,0,98,76,24,49,2.81358571428572
"28","9ojumkqm",0.591096722499751,68.6514910745644,0.641360090914346,26.5456956791283,0.00272452878717158,0.881356811164506,1.41793645075606,0.199332278354922,1.29784392707721,-22.5206204416304,"5fdfb7d6e1442280fc095a66","abc","2023-04-23-18-04","2023-04-23","full_run",0,87.4595,"With",4,"First",3187313,"53:7",911389,"15:11",31,"male","Bachelor",28,3,2.4,4.4,3.4,86,0,0,0,0,0,2,0,0,0,1,1,2,0,0,0,0,0,0,0,0,0,0,0,0,0,0,0,0,0,0,0,1,1,0,6,20,2,12,86,88,26,43,3.12355357142857
"29","9uledqxn",0.526948736466887,71.1921486152465,0.567255559502685,74.1606214569957,0.00189892983817074,0.811597286401943,0.867905800423819,0.158302459391857,1.9027626156716,-53.0688123287139,"63322af704df5a6df504f985","abc","2023-04-17-20-24","2023-04-17","full_run",0,86.8914,"With",4,"First",2592281,"43:12",688024,"11:28",50,"male","HighSchool",28,3,1.4,2,6,16,2,2,2,1,1,1,3,0,0,0,0,3,1,1,0,1,1,1,1,1,1,1,1,1,1,1,0,0,0,0,0,1,1,0,0,70,0,0,100,100,0,74,3.10326428571428
"30","a050vw1d",0.417164798237371,23.0325919637822,0.650024871861365,56.273905451385,0.00502627644657364,1.01619747501948,1.18308737509911,0.135658765563763,1.90242197709499,-64.6913936565469,"62bdc30224534809032cf056","abc","2023-04-23-18-04","2023-04-23","full_run",0,90.3191,"With",4,"First",1358881,"22:38",781203,"13:1",32,"male","Bachelor",28,3,0.6,2.4,3.6,17,3,1,1,0,0,1,3,3,0,1,0,3,0,0,0,0,0,0,0,0,1,1,0,0,0,0,0,1,0,0,0,1,1,0,100,100,25,0,100,100,0,100,3.22568214285714
"31","a21psf9z",0.6582878649157,23.2964858249997,0.695293482045039,13.1424894167747,0.00102498359046876,1.17121925166028,1.63329068776816,0.265650635210979,1.71224240960938,11.7186267820225,"641351c9058c0f951d9660ee","abc","2023-04-23-19-02","2023-04-23","full_run",0,92.0114,"With",4,"First",1260508,"21:0",582141,"9:42",28,"male","SomeCollege",28,3,0,4.6,3.8,74,1,1,1,0,0,0,3,0,0,0,0,1,0,0,0,0,1,0,1,0,0,0,0,0,0,0,0,1,0,0,1,1,1,0,75,76,0,0,74,77,26,76,3.28612142857143
"32","a2juvku1",0.474301185025886,66.5604824543834,0.7075282013468,15.7798337793647,0.00295263126312148,1.84965100011433,1.74155583122733,0.0900264869077249,0.799813831107037,-107.782247940796,"55ea70c37480920010aa9982","abc","2023-04-18-16-52","2023-04-18","full_run",0,93.6471,"With",4,"First",1573148,"26:13",816547,"13:36",35,"male","SomeCollege",28,3,0.6,2.6,1.6,67,2,2,2,1,1,1,3,0,0,1,0,3,0,0,0,1,0,0,0,0,0,1,0,0,0,0,0,1,0,0,0,1,0,0,28,42,6,23,79,67,24,25,3.34453928571429
"33","a46wwr88",0.651495704497833,79.4128591767623,0.667895419440805,2.62063209965879,9.43125196472038e-05,1.65489516224487,1.31503949271974,0.119391371743182,0.95889833308094,-90.6075930102503,"582c71a66ef28c00019a1068","abc","2023-04-18-16-55","2023-04-18","full_run",0,89.3625,"With",4,"First",2804402,"46:44",674016,"11:14",34,"male","HighSchool",28,3,1.6,2.4,3.4,57,1,1,1,0,0,0,2,1,0,1,0,1,0,0,0,0,0,0,1,0,0,1,1,1,0,0,0,0,0,0,0,1,1,0,98,100,37,28,81,89,0,0,3.19151785714286
"34","am985rgq",0.592931906206167,12.4657278432943,0.688497035852899,5.09768643528223,0.00179327320735686,1.04593788443949,1.37677847966726,0.152530216486767,1.04975757339922,-57.1449572001551,"5c07046396378a000119561f","abc","2023-04-18-16-39","2023-04-18","full_run",0,89.1405,"With",4,"First",2445196,"40:45",1840995,"30:40",55,"male","Bachelor",28,3,1.2,4.6,1.4,94,1,1,1,1,0,0,3,3,1,0,2,2,0,0,0,0,0,1,0,0,0,0,0,0,0,0,0,0,0,0,0,1,0,0,23,0,24,21,73,74,1,0,3.18358928571428
"35","b2u6r871",0.490904820641359,8.71869423366774,0.662327474223148,78.4897565664904,0.000412802317073977,0.574581662713295,0.765688352490637,0.174716286050719,0.782726423051868,-43.1755325646446,"63d7df9884f0b6ee095aada3","abc","2023-04-18-16-46","2023-04-18","full_run",1,88.3078999999999,"With",4,"First",1445453,"24:5",657523,"10:57",31,"male","HighSchool",28,3,2.8,4.2,3.4,27,1,0,3,0,0,0,2,3,0,0,0,2,0,0,0,0,1,1,0,0,1,0,0,1,0,1,1,1,0,0,0,0,1,0,58,58,20,27,93,93,64,42,3.15385357142857
"36","b6eqjh4j",0.584952274183534,72.7928783326871,0.553956496681731,24.844265066065,0.0597838453068582,0.798130392829753,0.701774813851,0.178118215728285,2.1957057323244,-38.4613017038814,"5c91c693765dad0016f8495c","abc","2023-04-17-20-34","2023-04-17","full_run",0,89.2632,"With",4,"First",2631560,"43:51",1246327,"20:46",45,"male","Bachelor",28,3,0.8,2.2,4,30,2,2,1,0,0,0,1,0,0,3,0,3,1,1,0,1,1,0,1,1,1,1,0,1,0,0,0,0,0,0,0,1,1,0,28,59,54,45,56,72,27,26,3.18797142857143
"37","b6ofpl7r",0.505377632683701,78.8200872604133,0.618371018826745,26.9709346367961,0.00460400014995906,0.975383925266052,1.47180062297476,0.324571726060767,3.05815421378803,37.119736878612,"582627e157062600014023a1","abc","2023-04-18-16-39","2023-04-18","full_run",0,81.22,"With",4,"First",1898944,"31:38",924510,"15:24",36,"male","Bachelor",28,3,1.6,2.8,5,82,2,2,1,0,0,0,2,0,0,1,0,2,0,0,0,0,1,0,1,0,0,1,0,0,0,1,0,0,0,0,0,0,1,0,13,0,0,0,76,87,21,12,2.90071428571429
"38","brez1vpk",0.956714946826465,33.2613675069896,0.953264078212757,22.121034253168,0.0317595419473946,1.29951600757427,1.35747167651147,0.219571306437375,0.907306287775373,-14.9382155556726,"614e36c5f5569f7b6d406171","abc","2023-04-24-17-14","2023-04-24","full_run",1,80.6638,"With",4,"First",2461317,"41:1",1059822,"17:39",35,"female","SomeCollege",28,3,1.8,4.8,5.2,78,3,3,0,0,0,1,0,0,0,0,0,1,0,0,0,0,0,0,0,0,0,0,0,0,0,0,0,0,0,0,0,0,0,0,24,50,1,50,100,50,0,50,2.88085
"39","c1xhoekk",0.722919550477093,79.9858607750955,0.742880304281053,66.5633597053587,0.000304311570984076,1.95713753236644,0.500111708509759,0.061014641349925,2.04600999393452,-156.953133220942,"63615bb6922c170dc50b434a","abc","2023-04-19-22-03","2023-04-19","full_run",2,70.775,"With",4,"First",2459226,"40:59",1208629,"20:8",36,"female","Master",28,3,0.4,3.2,5.6,51,3,3,2,2,1,1,3,1,1,1,0,1,1,1,0,1,0,0,1,1,1,1,0,1,1,0,1,0,0,0,1,0,1,0,78,50,75,74,85,77,76,72,2.52767857142857
"40","c2zkc0ed",0.524930323829963,78.3747750324928,0.679492713155242,9.0847200471212,0.00115043474234255,0.650884652228203,0.85163573388816,0.186465227664704,1.15562833514646,-36.6633891059292,"5dcdb60be64aaa07c14065cc","abc","2023-04-23-18-05","2023-04-23","full_run",0,89.0295,"With",4,"First",2020680,"33:40",1023787,"17:3",36,"female","SomeCollege",28,3,2.4,3.6,4.6,82,1,2,2,1,2,2,3,0,0,0,1,2,0,1,0,1,0,0,1,1,0,0,1,1,0,1,1,1,0,0,1,1,1,1,14,8,40,10,84,91,4,39,3.179625
"41","c51zqpl3",0.388438453233022,10.8955046855961,0.697276305314153,46.8139650546871,0.000590400511171485,1.94165824686741,1.58664214707574,0.243843015003587,5.17293323900119,0.644920361922812,"63d1911445a227defcb1a020","abc","2023-04-17-20-36","2023-04-17","full_run",0,78.3657,"With",4,"First",1725227,"28:45",777817,"12:57",37,"female","Bachelor",28,3,1,3.8,4.4,100,2,1,0,0,0,1,1,0,0,0,0,2,0,0,0,0,0,0,0,0,0,0,1,1,0,0,0,0,0,0,0,0,1,0,23,34,0,0,85,85,0,23,2.798775
"42","c9qq6upe",0.947380971798878,16.6441879079703,0.965891482395936,1.60652650487553,0.0153989008074968,1.85516738905578,1.31239353945913,0.213941689319441,1.55889393809944,-14.1715648948734,"6100461048ea9262cf02f6fd","abc","2023-04-24-17-49","2023-04-24","full_run",0,87.7051,"With",4,"First",1633226,"27:13",912991,"15:12",22,"female","Bachelor",28,3,3.6,3.8,4.4,70,4,1,3,1,2,0,3,2,0,0,0,2,1,1,0,1,1,1,1,1,1,1,1,1,1,0,1,1,0,0,1,1,0,1,75,50,26,50,75,74,0,23,3.132325
"43","cl57jv9e",0.478923834803237,10.4683977419577,0.625130027744102,44.4630833062588,0.000988136419332911,0.875041802727755,0.888919051764137,0.141129682892522,9.06935207573337,-79.0642384277596,"5dd352c51c219b35931aefd1","abc","2023-04-22-21-38","2023-04-22","full_run",0,89.9173000000001,"With",4,"First",4356751,"72:36",830829,"13:50",58,"female","Bachelor",28,3,3,3.2,3.6,74,1,1,1,1,0,1,1,3,1,0,0,1,0,0,1,0,0,1,0,0,0,0,0,0,0,1,0,0,0,0,0,1,0,0,76,76,35,36,75,74,24,50,3.21133214285714
"44","d15mkf3r",0.478155205909012,78.7437152764329,0.59581614179476,58.5179938827966,0.0018738087698791,1.60762320625637,1.53570125000747,0.109160795761355,1.43181398945344,-98.9950067863676,"5e84bd7c34d5d9072128fac1","abc","2023-04-18-16-39","2023-04-18","full_run",0,88.1739,"With",4,"First",1198966,"19:58",476968,"7:56",36,"male","SomeCollege",28,3,0,1.8,5.2,62,3,1,1,0,0,0,3,0,0,0,0,3,0,0,0,0,0,0,0,0,1,0,0,1,0,0,0,0,0,0,0,0,1,0,74,100,0,0,81,100,0,100,3.14906785714286
"45","djtn3kql",0.553756870682268,79.8170040465159,0.573429474795084,24.5207551201855,0.00136607450889749,0.796666523218348,0.990192699097456,0.177557301198512,2.65765137251701,-40.3527077000726,"60a7be7c56ee5fe79719a01e","abc","2023-04-18-16-40","2023-04-18","full_run",0,90.3874,"With",4,"First",1918779,"31:58",780290,"13:0",25,"male","SomeCollege",28,3,1,3.4,3.2,78,1,1,1,0,0,0,3,0,0,0,0,2,0,0,0,0,0,0,0,0,1,0,1,0,0,0,0,0,0,0,0,0,1,0,74,86,25,57,74,89,4,88,3.22812142857143
"46","dw6uyb4g",0.708027020455036,78.7297289488566,0.553435984470222,22.7728546871046,0.0527066157989571,0.502646225408419,0.528359954955708,0.274000931920783,1.32363932896008,13.8117608245049,"5bc0af535ea1020001f9352d","abc","2023-04-24-17-41","2023-04-24","full_run",0,83.8218,"With",4,"First",3436161,"57:16",886361,"14:46",53,"female","SomeCollege",28,3,2,3.4,4,94,2,2,2,0,0,0,3,0,0,0,1,0,0,0,0,1,0,0,0,0,0,0,0,0,0,1,1,1,0,0,0,1,0,0,87,73,40,39,70,74,10,0,2.99363571428572
"47","e0lvdrny",0.554981488112704,71.373828738704,0.519975935248733,42.8655892857535,0.00125405053837456,0.93551021527778,1.20095340015162,0.167838394009048,2.50856062286001,-41.7475022175423,"5d730a3cf37bfe0001ff031a","abc","2023-04-19-22-04","2023-04-19","full_run",0,94.7,"With",4,"First",1953158,"32:33",1021005,"17:1",57,"male","SomeCollege",28,3,1,2.8,2.8,72,0,0,1,0,0,0,3,0,0,0,0,2,0,0,1,0,0,1,0,0,0,0,0,0,0,0,0,1,0,0,0,0,0,0,100,100,13,0,75,75,0,100,3.38214285714286
"48","ekwqrvsn",0.683143591064969,7.08379960824979,0.516962841015211,4.74083187552266,0.233988595607413,0.600591643038987,0.514268495242224,0.124645915936736,1.91787839519957,-75.2876202754414,"63fad8b20e532757a496f7f5","abc","2023-04-19-22-03","2023-04-19","full_run",0,95.1788,"With",4,"First",1306906,"21:46",661555,"11:1",53,"male","Bachelor",28,3,2.8,4.6,2.4,23,3,1,1,0,0,0,3,3,1,0,0,3,0,0,0,1,1,0,0,1,1,0,1,0,0,0,0,1,0,0,0,1,1,0,8,24,21,21,75,79,13,71,3.39924285714286
"49","evo31suv",0.736387524367599,4.04465594757338,0.80556066069752,66.2307920860262,0.154889007980294,1.76777390763164,0.806387900820361,0.193278080407911,0.590870941063088,-28.2860651873518,"5dec8925be656d35d4005320","abc","2023-04-19-22-02","2023-04-19","full_run",0,81.8968,"With",4,"First",2553294,"42:33",1322598,"22:2",59,"male","Bachelor",28,3,1.2,3,3.6,36,1,1,2,2,0,2,3,2,2,0,0,3,0,0,0,0,1,1,0,0,0,0,1,0,0,1,0,1,0,0,0,1,0,0,24,24,16,0,96,93,0,1,2.92488571428571
"50","fys42wo9",0.55712815950398,66.2017299865459,0.579858751430352,33.963133856113,0.00070132839147017,1.82329253336473,1.92307749150004,0.0831993731483693,1.66755250606422,-120.389801692849,"5c3e82e91580e9000122d204","abc","2023-04-18-16-39","2023-04-18","full_run",0,97.3794,"With",4,"First",1553173,"25:53",745798,"12:25",37,"male","Master",28,3,2.2,3.4,3.2,87,2,2,0,1,0,0,0,0,0,1,0,1,0,0,0,0,1,0,0,0,0,1,0,0,0,0,0,0,0,0,0,0,0,0,71,50,35,38,69,54,0,75,3.47783571428571
"51","gafhb394",0.537085683518853,68.9517209552228,0.714588286826225,20.0943236869129,0.00300255530705837,1.50529276476777,1.56856755502522,0.131538853442937,0.723825275001508,-68.407698326007,"63d77a647dbf6c0c53b0d375","abc","2023-04-22-21-39","2023-04-22","full_run",0,92.8749,"With",4,"First",2646475,"44:6",768827,"12:48",36,"male","SomeCollege",28,3,3.8,3.8,4.6,34,3,2,2,3,2,2,3,1,0,2,0,2,0,0,0,0,1,0,0,0,0,1,0,0,0,0,0,0,0,0,0,0,1,0,32,62,0,0,100,100,0,0,3.31696071428571
"52","gb7904jd",0.600858632811109,38.5616797033983,0.633653256602943,74.317822222169,0.000426072795417835,0.510093264070116,0.858442908971352,0.14671079808908,1.14956592293551,-70.3105031582727,"5c9a7a644a640200171c0cc2","abc","2023-04-14-14-05","2023-04-14","full_run",0,84.9038,"With",4,"First",985974,"16:25",576821,"9:36",32,"female","Master",28,3,3.8,2.8,4.8,34,2,2,1,1,1,0,2,2,0,1,0,1,0,0,0,0,0,0,0,0,1,1,0,0,0,0,1,1,0,0,1,0,0,1,75,75,24,28,74,77,26,0,3.03227857142857
"53","glymautl",0.769988037319621,66.912378347431,0.793731898026212,5.37946796459953,0.0461569958843449,0.902093125099261,0.934505938320293,0.101447106084567,0.706492713134229,-95.0285377716925,"62ef104b5e9352c2ead31fde","abc","2023-04-23-18-05","2023-04-23","full_run",0,88.2462999999999,"With",4,"First",2735156,"45:35",1197179,"19:57",59,"male","Bachelor",28,3,1.6,3.8,2.6,30,2,2,1,1,0,0,3,1,0,1,0,3,0,0,0,0,1,1,0,0,1,0,0,1,0,0,0,1,0,0,0,0,1,0,55,55,24,32,77,76,0,21,3.15165357142857
"54","gme3u3n7",0.41526454007756,76.5208429461718,0.631929347998463,48.5522471044213,0.161063316147862,0.720043056684881,0.684018220147944,0.196019974636527,3.71162521990845,-23.510170011194,"5c3399d8cb218a000176c6c6","abc","2023-04-19-22-02","2023-04-19","full_run",0,87.4953999999999,"With",4,"First",3143420,"52:23",1469620,"24:29",36,"male","Master",28,3,1,2.2,4.8,64,1,1,1,0,0,0,2,0,0,0,0,1,0,0,0,0,0,0,0,0,1,0,1,1,0,0,0,1,0,0,0,0,1,0,0,60,0,0,38,49,0,100,3.12483571428571
"55","got4je7v",0.678275251647587,40.317761128696,0.721082366114785,67.7963303901255,0.00231292711897324,1.07863167332988,0.964452847817405,0.0645827061666263,0.520166504202082,-173.577468767881,"63b73b26108aa3713667c006","abc","2023-04-24-17-29","2023-04-24","full_run",1,88.7582000000001,"With",4,"First",1906354,"31:46",947171,"15:47",32,"female","Master",28,3,0,4,2.2,40,3,1,0,0,0,0,2,0,0,0,0,3,0,0,0,0,0,0,0,0,1,0,0,0,0,0,0,0,0,0,0,0,1,0,13,14,0,0,100,100,0,63,3.16993571428572
"56","hhpuds91",0.539713308441315,79.6171227898158,0.538429978386716,14.8189800957633,0.0171249692617268,0.859132115792419,0.578166352001354,0.151727919444396,9.72695577184881,-47.5991134127389,"6111587a8000027e7f79b1ba","abc","2023-04-24-17-49","2023-04-24","full_run",0,88.9444,"With",4,"First",1001493,"16:41",503673,"8:23",23,"female","Bachelor",28,3,3.4,4,5,13,1,0,2,0,0,0,3,0,0,1,0,2,0,0,0,0,0,0,0,0,0,0,0,0,0,1,0,0,0,0,1,0,1,0,92,100,76,80,100,100,0,74,3.17658571428571
"57","hyr1n3kv",0.453646729697284,13.4242266261042,0.558665615361526,79.9319404147086,0.53312585322462,0.730264561684136,0.500147059936227,0.349982478225142,9.33939098807515,43.0191833586851,"6147a1c343f05087ff340b52","abc","2023-04-17-20-29","2023-04-17","full_run",1,83.7528,"With",4,"First",2237127,"37:17",993402,"16:33",36,"male","Bachelor",28,3,2.6,3.2,3.8,70,2,3,2,2,1,2,3,0,1,1,1,2,1,1,0,0,1,1,0,0,1,0,0,0,0,1,1,1,1,0,1,1,1,0,80,78,77,74,100,100,35,39,2.99117142857143
"58","j02vx30w",0.506491224057371,53.1331580269454,0.725307459127958,24.2088997226279,0.000268442082288472,1.81102323159575,1.56395360587946,0.110844930686564,1.1127049971461,-87.3772446206683,"5a08c9a7f2e3460001edb063","abc","2023-04-24-19-01","2023-04-24","full_run",1,94.9659,"With",4,"First",1081492,"18:1",469820,"7:49",26,"female","Bachelor",28,3,3.2,3,4.2,23,1,1,2,0,0,0,3,0,1,0,0,1,0,0,0,0,0,0,0,0,0,0,0,0,0,1,0,1,0,0,1,1,1,0,74,67,0,9,66,77,0,26,3.39163928571429
"59","j0y1tne5",0.443836802230382,70.7858574381574,0.580977218536872,75.1946970716379,0.0431541291739782,0.698858338705645,0.651178715884596,0.30007224837453,4.53402437327417,26.1161201141381,"5d37d2861566530016a061de","abc","2023-04-19-22-03","2023-04-19","full_run",1,79.5951,"With",4,"First",1548194,"25:48",603762,"10:3",45,"male","HighSchool",28,3,2.4,3.8,4.6,76,2,2,2,2,1,2,2,0,0,0,0,1,0,0,0,0,1,0,0,0,0,0,0,0,0,1,1,0,0,0,1,1,0,0,79,86,66,77,100,100,68,69,2.84268214285714
"60","j29eevlm",0.522582621809059,74.3201130665087,0.527116080372179,41.2392529162844,0.000546551247089369,0.566480282225586,0.755458051845888,0.12497691931437,2.70110149654421,-89.2857074572708,"630adf01fe54101d5214a17f","abc","2023-04-22-21-53","2023-04-22","full_run",0,91.8918,"With",4,"First",4163885,"69:23",1180047,"19:40",31,"male","SomeCollege",28,3,1.8,3.4,5,37,2,1,1,0,0,0,2,0,1,0,0,1,0,0,0,0,1,0,0,0,0,0,1,1,0,0,0,1,0,1,0,1,1,0,35,16,69,77,94,90,72,97,3.28185
"61","jtav0xzz",0.458891215245558,61.9055360305823,0.578707976790927,43.3002317877616,1.34758606190723e-05,1.01532572543618,1.04489897579419,0.111318787307154,9.57635390208467,-98.5801574310692,"5f5e32a0d6a12c6857b8e127","abc","2023-04-23-18-04","2023-04-23","full_run",0,91.556,"With",4,"First",1237083,"20:37",554092,"9:14",27,"male","SomeCollege",28,3,0.6,1.8,6,60,1,1,2,1,2,1,3,2,0,0,0,3,0,0,0,1,1,0,1,0,1,0,1,1,1,1,1,1,0,1,1,1,1,0,100,100,1,2,100,100,1,1,3.26985714285714
"62","jwyq6qpp",0.446693207521628,44.6473679420205,0.565997205008597,69.7775582141481,0.00535797772932298,0.518031659670402,0.566014028107986,0.196151758946976,5.4707789644785,-24.9149659055364,"63e52066b0f31aee3860d8c2","abc","2023-04-18-16-39","2023-04-18","full_run",0,90.6675,"With",4,"First",1418265,"23:38",709354,"11:49",25,"female","SomeCollege",28,3,0,4.4,3,100,1,0,1,0,0,0,2,2,2,3,0,3,1,0,0,1,0,0,1,1,1,1,1,0,0,0,0,1,0,0,0,0,0,0,66,65,15,0,81,80,0,0,3.238125
"63","jyhmjbk4",0.496490606706066,40.2761766968641,0.590571250651951,37.6022996096876,0.000246361438378549,1.52224013394495,1.30670107017688,0.1969601203579,2.36573855185028,-23.8335846857117,"5d338bb02381b7001761694e","abc","2023-04-22-21-39","2023-04-22","full_run",0,88.4178,"With",4,"First",1806204,"30:6",1018412,"16:58",52,"male","Master",28,3,1.4,2.4,4.8,26,1,1,1,2,2,1,1,1,1,0,0,0,0,1,0,0,1,1,0,0,0,0,0,0,0,1,0,1,0,0,0,1,1,1,64,56,0,0,68,67,8,6,3.15777857142857
"64","k52e71hc",0.542820052016676,77.1239147358164,0.651031783666763,27.073884701496,0.000380565884916468,1.04659578750991,0.999064053354217,0.0489074284028015,0.453380940310744,-219.42125798542,"5f22bdb732432502a2615f3f","abc","2023-04-19-22-04","2023-04-19","full_run",0,90.4498,"With",4,"First",1245276,"20:45",721411,"12:1",31,"female","Master",28,3,2.2,3,5,46,2,2,1,0,0,1,1,0,0,1,0,2,0,0,0,0,0,0,0,0,1,0,0,0,0,0,0,0,0,0,0,1,1,0,73,67,25,24,92,91,0,9,3.23035
"65","kn2g5rkf",0.78028203391003,78.6861811323536,0.765365306911961,4.27705508082061,0.0267837788365591,0.631964580175388,1.22394134406932,0.271264391860732,1.07858515916839,12.1862319966137,"642ee1cb7e6da0f6158a6743","abc","2023-04-21-15-49","2023-04-21","full_run",0,81.7899,"With",4,"First",2566722,"42:46",1323161,"22:3",61,"male","Bachelor",28,3,4,4,4.8,64,2,2,2,1,0,0,2,0,1,1,0,1,0,0,0,0,1,0,1,0,0,0,0,0,0,1,0,0,0,0,0,1,1,0,28,70,25,72,97,88,76,79,2.92106785714286
"66","kqatkrvg",0.554157710357387,47.4429940443608,0.514562079932959,68.9058941704257,0.000214719529980277,0.640393056152833,0.652725055465176,0.159544918169628,3.12399997914423,-46.9915434581756,"5bbe6691ba8d7d0001951ef9","abc","2023-04-19-22-03","2023-04-19","full_run",0,89.7752,"With",4,"First",1215101,"20:15",630278,"10:30",24,"female","Bachelor",28,3,2.2,3.4,4,97,1,1,0,0,0,0,0,0,0,0,0,0,0,0,0,0,0,0,0,0,0,0,0,0,0,0,0,0,0,0,0,0,0,0,35,17,5,0,73,64,0,6,3.20625714285714
"67","ksk55upb",0.502994147555673,48.0269143792446,0.566437889171213,79.4137910857173,0.00448727259675168,0.547066144684317,0.694430729602719,0.26015287640452,4.58583694456845,9.10097514584436,"5d2215e737363e0001651a63","abc","2023-04-22-21-39","2023-04-22","full_run",1,83.6996,"With",4,"First",2939553,"48:59",1443747,"24:3",45,"male","HighSchool",28,3,3.6,4,3.2,48,0,0,0,0,0,0,0,0,0,0,0,0,0,0,0,0,0,1,0,0,0,0,0,0,0,0,0,0,0,0,0,1,0,0,76,75,0,0,75,75,0,0,2.98927142857143
"68","lnp5xxd8",0.388174436546648,75.0457690019161,0.675469447090455,33.7265660012623,0.0284852449240948,1.29120534254133,1.44629359852486,0.239838926654078,9.99297676990254,-5.04042564570277,"63d83ae132a2e28694dd8431","abc","2023-04-23-18-05","2023-04-23","full_run",1,84,"With",4,"First",1271626,"21:11",538192,"8:58",50,"female","HighSchool",28,3,1.2,2.6,3.8,100,0,0,0,0,0,0,2,0,0,0,0,0,0,0,0,0,1,1,0,0,0,0,0,0,0,0,1,0,0,0,1,1,1,0,75,75,22,0,75,76,0,0,3
"69","lqvqzqdx",0.491247720681712,15.429546132973,0.640334617651417,65.4572710756103,0.00308515027871146,0.642375235376143,0.94410858510213,0.162240881841273,5.08974791390895,-47.5653803470019,"6434378571a85c5dad2856dd","abc","2023-04-17-20-32","2023-04-17","full_run",0,93.557,"With",4,"First",2858300,"47:38",1119674,"18:39",54,"male","Master",28,3,2.4,3.8,3.2,71,2,2,1,3,1,1,3,1,1,1,0,1,1,0,0,1,1,1,0,0,1,0,1,0,1,1,1,1,0,1,0,0,1,1,84,77,14,18,100,91,38,43,3.34132142857143
"70","m0yvjvr0",0.584198279009075,31.7831018962385,0.541104806897306,11.9726138615554,0.0002632480678014,1.41092308218467,1.99734859348763,0.184919795378524,2.25141427606046,-33.9706261969243,"5e0047b3a99550c62bda2dd6","abc","2023-04-24-19-47","2023-04-24","full_run",0,88.2479,"With",4,"First",1097984,"18:17",511641,"8:31",37,"female","SomeCollege",28,3,1.2,2.8,6,17,2,2,2,0,0,0,3,0,0,0,0,0,0,0,0,0,0,0,0,0,0,0,0,0,0,1,0,1,0,0,1,0,0,0,20,23,0,0,100,100,0,37,3.15171071428571
"71","m1qdo771",0.514912814946221,60.7434949529188,0.588593020608063,25.6419489099177,0.00263762757003339,0.871236816502935,0.815476387051842,0.145312923103969,2.44930316732528,-56.5907140009967,"5f276d8f38b9f857f5cebf21","abc","2023-04-21-15-48","2023-04-21","full_run",2,91.7913,"With",4,"First",1754191,"29:14",950823,"15:50",37,"male","HighSchool",28,3,1,2,4,7,0,1,0,1,1,2,1,0,0,1,0,1,0,0,0,0,0,1,0,0,0,0,0,0,0,1,0,1,0,0,1,1,1,0,70,86,26,23,74,76,0,24,3.27826071428571
"72","m6wpf6z8",0.490903796913419,79.985091827972,0.58232110360038,10.7427171748749,0.000331209744637446,1.55422626943464,1.25078757657869,0.246844842352202,3.81670963447705,2.44080545886635,"5c82c9a4d8302a00010639b8","abc","2023-04-19-22-02","2023-04-19","full_run",0,91.1227,"With",4,"First",1864691,"31:4",615097,"10:15",32,"male","Bachelor",28,3,2.6,2.6,2.2,69,0,0,2,0,0,0,3,1,0,0,0,2,0,0,0,0,0,1,0,0,0,0,0,0,0,0,0,1,0,0,0,1,1,0,62,71,7,7,71,76,0,0,3.25438214285714
"73","maukyr3k",0.488331511555277,42.2919605655789,0.537870091455929,33.518446279365,0.00182689062623124,0.648836902553881,0.559817463608841,0.1737240146684,8.46207911637584,-44.1612387218096,"60fd781f9fe1637567804499","abc","2023-04-24-17-23","2023-04-24","full_run",0,89.2084,"With",4,"First",1031324,"17:11",568968,"9:28",33,"female","Bachelor",28,3,2.4,4,5,66,0,0,0,0,0,1,1,0,0,1,1,1,0,0,1,0,0,0,1,0,1,1,1,1,0,1,1,1,0,1,1,0,0,0,21,25,0,0,89,89,0,0,3.18601428571429
"74","mckknsz5",0.452941504697248,39.3904918754138,0.565134365777242,39.1911963985923,0.00635876384719364,1.96615354849222,1.57226577361972,0.200156098771602,9.99338758033143,-22.0398882278154,"60abe580aa82f25a7acc9800","abc","2023-04-21-15-48","2023-04-21","full_run",0,88.9713,"With",4,"First",1691522,"28:11",822068,"13:42",36,"female","SomeCollege",28,3,2,4.2,4.2,54,1,1,0,2,1,1,0,0,0,0,1,0,0,0,0,0,0,1,0,0,0,0,0,0,0,0,0,0,0,0,0,1,0,0,75,75,27,27,76,100,0,0,3.17754642857143
"75","mw36vvtl",0.538486032105372,5.69794120660039,0.635994832237773,16.9559977929455,0.223378658267686,0.536580877272137,0.508003441570028,0.223549623005787,1.57714988093741,-10.2178008176078,"5c43d2ac927dee000154174d","abc","2023-04-24-17-38","2023-04-24","full_run",0,87.8231000000001,"With",4,"First",2259244,"37:39",1247562,"20:47",45,"female","Bachelor",28,3,1.4,3.8,4.4,69,1,1,1,0,0,0,1,1,1,1,0,3,0,0,0,0,0,0,1,0,1,1,0,1,0,0,1,0,0,0,0,0,0,0,76,76,43,25,74,60,0,0,3.13653928571429
"76","o6p76j5v",0.532220771620806,76.9858751911689,0.574759270287445,77.4469147891744,0.0498684434729989,0.516611479882358,0.73878989844495,0.145263785890611,5.71084178104583,-62.7983223143797,"60a1e1f4a3707c983a98f185","abc","2023-04-24-19-47","2023-04-24","full_run",0,87.5861000000001,"With",4,"First",1355030,"22:35",591583,"9:51",30,"female","SomeCollege",28,3,4.8,2.6,4.8,41,2,2,1,0,0,0,3,0,0,0,0,3,0,0,0,0,0,0,0,0,1,0,1,0,0,1,0,1,0,0,0,0,0,0,73,74,31,30,88,77,2,2,3.128075
"77","oc1b521j",0.0830284438891244,1.649150750155,0.0378502614347454,79.2829160045049,0.662602540105985,1.98852001438318,0.50000131958366,0.349991747039401,0.39100366788481,85.180132269894,"5c95970cd676900016e1a940","abc","2023-04-22-21-39","2023-04-22","full_run",1,59.9481,"With",4,"First",2864914,"47:44",807497,"13:27",45,"female","Master",28,3,2.2,4.6,3.6,100,2,2,1,3,3,3,1,1,0,2,1,2,1,1,0,1,1,0,1,1,1,1,1,1,1,1,0,1,0,0,0,0,1,0,77,48,76,50,75,51,75,49,2.14100357142857
"78","oknbul70",0.551356015161836,76.2032637902318,0.569073281311914,33.4710534343413,0.00210051172187499,0.982907144132858,1.3027633157651,0.140758045124673,2.90411137295234,-67.8886218988164,"630cc9747cb664e8a03c29f0","abc","2023-04-23-18-05","2023-04-23","full_run",0,89.9824,"With",4,"First",1423808,"23:43",682650,"11:22",34,"male","Bachelor",28,3,1.2,3.8,2,80,2,2,1,0,1,0,3,1,0,0,0,1,0,1,0,0,0,0,0,0,1,0,0,0,0,0,0,1,0,0,0,0,1,0,75,76,25,0,74,75,0,75,3.21365714285714
"79","orpucjxk",0.564462380974063,4.38174306485421,0.692705297414933,79.046111417123,0.224594622604675,0.705233575451652,0.512569423053806,0.186205271770753,1.97010061080405,-29.3290181642152,"60d7558fd3a01169626ae963","abc","2023-04-24-19-49","2023-04-24","full_run",0,88.5825,"With",4,"First",1690298,"28:10",953899,"15:53",58,"female","Bachelor",28,3,3.6,3.8,2.4,9,2,2,1,0,1,3,2,1,0,2,0,0,0,0,0,0,0,0,0,1,0,0,0,0,0,0,0,0,0,0,0,0,1,0,75,75,24,9,74,75,76,98,3.16366071428571
"80","p37t8jrk",0.524239389329851,68.965468776795,0.637513844084802,79.0611301068217,0.00289759786218418,0.903394251819668,1.32347141082459,0.295312025194528,2.76231476464644,20.7417778061749,"63f77b9ca8439f6e1620c1cd","abc","2023-04-21-15-48","2023-04-21","full_run",0,73.9409,"With",4,"First",1624448,"27:4",670337,"11:10",37,"male","HighSchool",28,3,2.8,3.4,4,68,2,2,2,1,2,1,3,1,0,0,0,1,0,1,0,0,0,1,0,1,0,0,0,0,0,1,1,1,0,0,0,0,1,0,62,60,22,23,72,57,26,28,2.64074642857143
"81","pvgqu7ye",0.825926880157621,4.83573738232061,0.809992973812949,2.70538770868818,0.23781387732438,0.822848185165193,0.543376036388187,0.198917257845816,2.91476204250045,-24.9611796507787,"59014ee029f42300013cc5b7","abc","2023-04-24-17-28","2023-04-24","full_run",0,84.0455,"With",4,"First",1738837,"28:58",941419,"15:41",35,"female","SomeCollege",28,3,3,4.2,4.8,100,1,1,1,0,0,1,1,0,0,2,0,0,0,0,0,0,0,0,0,0,0,0,0,0,0,1,1,0,0,0,0,0,0,0,66,87,14,20,97,97,89,78,3.001625
"82","pwsx26uu",0.535882746478132,64.9738770375346,0.542602186987612,58.4443438746163,0.00133564338089122,1.01166986818566,0.985084938140651,0.150301989694814,3.17159496222065,-54.7434915280847,"60c119b30aa5205b493541b6","abc","2023-04-21-15-48","2023-04-21","full_run",0,90.2605,"With",4,"First",2223481,"37:3",1136186,"18:56",70,"male","Bachelor",28,3,1.4,4.4,2.8,90,2,2,1,3,1,1,0,1,0,1,0,3,0,0,0,0,0,1,1,0,0,0,1,0,0,0,0,1,0,0,0,0,0,0,83,86,23,6,86,88,6,71,3.22358928571429
"83","q0el8a0f",0.508347561215128,45.9385996943056,0.58996487932608,22.8938790189414,0.00308588353257181,0.656786081307571,0.665869979666542,0.11593953046289,4.43852699019025,-88.7233158472883,"5d226ccd072b44001aaec601","abc","2023-04-19-22-03","2023-04-19","full_run",0,90.4216,"With",4,"First",2629092,"43:49",1596561,"26:36",36,"female","HighSchool",28,3,1.8,3.6,4,42,2,1,2,0,0,1,3,0,0,0,0,1,0,0,0,0,0,0,0,0,0,0,0,0,0,0,0,0,0,0,0,0,1,0,70,65,11,24,94,93,0,0,3.22934285714286
"84","q6pf39wj",0.520551672907954,75.8922236100006,0.534852203387429,45.9187197756517,0.212990141744333,0.549738434951202,0.737234236309294,0.156582437851936,5.78221864589595,-46.6291444941419,"56b89c3be1d0a2000514f597","abc","2023-04-24-17-42","2023-04-24","full_run",0,92.3142,"With",4,"First",1336063,"22:16",606325,"10:6",31,"other","Bachelor",28,3,1,3,2.4,10,3,0,0,0,0,0,3,0,0,0,0,3,0,0,0,0,0,0,0,0,0,0,0,0,0,0,0,1,0,0,0,1,0,0,49,57,23,1,65,75,0,76,3.29693571428571
"85","qlfh0hd9",0.74521791087297,8.69279558663319,0.582822996945411,23.038053810321,0.000151636270620703,0.959280576374423,1.74741574598011,0.349848372697709,1.33246368135037,48.7342477896964,"5f48cd6061235238d144db2c","abc","2023-04-14-14-10","2023-04-14","full_run",2,80.1487,"With",4,"First",1309091,"21:49",566293,"9:26",21,"male","HighSchool",28,3,3,3.4,2.2,100,1,1,1,0,0,0,3,0,0,0,0,2,0,0,0,0,0,0,0,1,1,0,0,0,0,0,1,1,0,0,0,1,1,0,24,24,24,0,50,66,0,100,2.86245357142857
"86","quyu5021",0.502888262472494,37.2632623420072,0.615319259930239,56.5688755863066,0.00312788866612995,1.47931584913848,1.3955931909281,0.142286147496938,9.43293433538772,-62.4251052421977,"63e577d9dddff1a70b3df238","abc","2023-04-18-17-40","2023-04-18","full_run",2,89.5464,"With",4,"First",1459228,"24:19",685612,"11:25",28,"male","Bachelor",28,3,2,4.6,3.2,32,3,2,1,1,1,2,3,2,0,1,0,2,0,0,0,0,1,0,0,0,1,0,1,0,0,1,1,0,0,1,0,1,1,1,0,0,21,24,100,100,10,14,3.19808571428571
"87","qvrlcavd",0.462140690059613,62.955357701665,0.579343249999216,43.8402860487703,0.0258775559219037,1.57556074868992,1.47406133467337,0.204463791321223,9.37359754942371,-15.437653083018,"5815767b0643a600016f0e72","abc","2023-04-24-19-48","2023-04-24","full_run",0,88.1399,"With",4,"First",1742327,"29:2",884118,"14:44",51,"female","SomeCollege",28,3,2,3,4.6,75,1,2,1,0,1,1,1,0,0,0,0,1,0,1,0,1,0,0,0,1,0,0,0,0,0,1,1,0,0,0,0,0,1,0,74,75,25,0,78,98,75,74,3.14785357142857
"88","r51u22nk",0.753523351844215,79.5218319958687,0.691536302231033,1.60731132152134,0.000449261042582228,0.506312575024508,0.799262940318834,0.33214125359213,0.63593949705925,35.660546404721,"589fc07f1521230001ebf494","abc","2023-04-17-20-32","2023-04-17","full_run",0,76.0534,"With",4,"First",2295853,"38:15",1097870,"18:17",43,"female","Master",28,3,3,3,3.2,30,2,1,2,0,0,0,2,2,0,3,0,3,0,0,0,0,0,0,0,0,0,1,0,1,0,0,0,1,0,0,0,0,1,0,73,78,40,43,65,81,50,50,2.71619285714286
"89","rlqv1xue",0.53450993189925,78.6207326695001,0.676855681801393,20.3847105126828,0.000216396944060376,0.715323019954284,0.81654400385976,0.253378645892896,9.98841938884389,4.93672463573234,"5f744fb50bfbbd0a01cd5435","abc","2023-04-19-22-02","2023-04-19","full_run",0,77,"With",4,"First",1605667,"26:45",803243,"13:23",47,"female","HighSchool",28,3,1.8,4.4,3.8,30,2,2,2,1,3,0,3,0,0,0,0,2,0,1,0,1,1,0,0,1,0,0,0,0,0,0,0,0,0,0,0,1,1,0,74,76,75,74,100,100,25,24,2.75
"90","rnvw4em9",0.480802868800621,67.0831076920033,0.563046072415301,70.2046509003587,0.00483922191849719,0.583831885608487,0.653321178650455,0.201525739582628,9.57415880406258,-24.8774359470303,"5c53c9f9ea00280001fd06a3","abc","2023-04-17-20-34","2023-04-17","full_run",1,84.5889,"With",4,"First",2805172,"46:45",1050293,"17:30",27,"male","HighSchool",28,3,0.6,4.8,3,90,1,0,1,1,1,1,3,3,2,1,0,3,0,1,0,0,1,1,0,0,0,0,0,0,1,1,1,1,1,1,1,1,1,0,76,95,75,50,99,98,2,4,3.02103214285714
"91","s1g3px8g",0.581665334030393,35.2006722486321,0.464682782926297,79.4760977976397,0.0907869468324028,0.617282414226793,0.5762259942955,0.231551912323261,7.28456052293533,-10.1598876341346,"5658000ca9872d0011e1ba26","abc","2023-04-19-22-02","2023-04-19","full_run",0,88.9173,"With",4,"First",1460460,"24:20",731344,"12:11",33,"male","HighSchool",28,3,0.2,3.2,4.4,33,2,1,1,0,0,0,3,0,0,0,0,1,0,0,0,0,0,0,0,0,1,0,0,1,0,0,0,1,0,0,0,0,0,0,73,75,0,0,75,75,0,24,3.17561785714286
"92","sh9kmf84",0.502113857114583,64.8155310042202,0.571925106905575,46.6586488754548,0.00435172181918538,0.869758735425924,1.07927575576695,0.183979384981871,5.15146519732733,-30.6838908290154,"5d42486206811e001ada5b4b","abc","2023-04-21-15-48","2023-04-21","full_run",1,85.8003,"With",4,"First",1847864,"30:47",797388,"13:17",47,"male","HighSchool",28,3,0.2,0.6,5.4,0,3,4,3,3,3,1,2,1,1,1,0,1,0,1,0,1,1,1,0,1,0,0,0,0,0,1,0,1,0,0,0,1,0,0,50,55,27,28,100,100,24,26,3.06429642857143
"93","sheb66w1",0.610931930379059,22.4294201759695,0.606835530295244,5.92664682706603,3.79361951767691e-06,1.74240545866013,1.98409022981392,0.162300735847944,2.3943746391725,-49.2778538081455,"63d1bee75bd4d1ff3a9475ce","abc","2023-04-17-20-28","2023-04-17","full_run",1,92.6558,"With",4,"First",2224954,"37:4",822369,"13:42",40,"male","HighSchool",28,3,1,2.8,3.4,68,2,2,2,1,1,0,3,1,0,0,0,1,0,0,0,1,0,1,1,0,0,0,0,0,0,0,0,1,0,0,0,0,1,0,27,26,0,50,82,88,0,74,3.30913571428571
"94","sonwe5gk",0.547450580505401,73.7791085551182,0.52636313534473,60.6158835826838,0.00128312794878387,1.86260566059313,0.776531176149731,0.139355306960868,4.71040492046155,-65.7005686324827,"5d697ea28572fc000126b779","abc","2023-04-18-16-39","2023-04-18","full_run",1,84.3567,"With",4,"First",2142937,"35:42",796948,"13:16",58,"female","Bachelor",28,3,0.8,4.6,2.8,79,1,1,2,3,3,3,3,2,2,0,0,2,0,0,0,0,1,1,1,0,0,0,0,0,0,1,0,0,0,0,0,1,0,0,67,67,45,40,74,67,30,32,3.01273928571429
"95","szpxfdgu",0.49961436550367,79.6318313348105,0.566130195098775,37.4412402625753,0.0005436077299427,0.610458076318919,0.749203484417197,0.201496610261724,9.15126617035712,-15.2937683679775,"642f3188cc01a6b87e28a081","abc","2023-04-23-18-15","2023-04-23","full_run",0,91.102,"With",4,"First",2981515,"49:41",856621,"14:16",38,"male","Bachelor",28,3,1.2,4.8,3,100,2,2,3,3,1,0,3,0,1,1,1,3,0,1,0,1,1,0,1,1,1,1,0,1,1,0,0,0,0,0,0,1,0,0,84,80,62,57,93,93,0,0,3.25364285714286
"96","t042j0zp",0.562855073151987,33.611824801597,0.54723419021934,15.9594321367597,0.00692532657085994,0.906325225270634,0.9769668998908,0.121784932719727,3.08507028730572,-78.8014399475041,"6000cefee380e61fa9bc5ae4","abc","2023-04-19-22-02","2023-04-19","full_run",0,95.3693,"With",4,"First",5199067,"86:39",529295,"8:49",30,"male","Bachelor",28,3,1.4,1.6,5.2,87,2,2,2,0,1,0,2,0,0,3,0,1,0,0,0,1,0,0,1,0,1,1,0,0,0,0,0,1,0,0,0,1,0,0,24,75,0,11,100,100,0,83,3.40604642857143
"97","t318lh4y",0.546225645896202,66.4830931194127,0.669495922323546,21.0528902633267,0.00158036675639053,1.68956704519223,1.58880062397302,0.142708734115669,0.649150657406772,-69.0040934250608,"5d4c7ac3e8ec490018b0050d","abc","2023-04-24-19-47","2023-04-24","full_run",0,91.9953,"With",4,"First",1792131,"29:52",913222,"15:13",64,"female","SomeCollege",28,3,2.4,2.2,3.2,2,3,3,1,3,0,0,1,0,0,0,0,1,0,0,0,0,1,0,0,0,0,0,0,0,0,1,0,1,0,0,0,0,0,0,60,58,34,33,49,60,25,49,3.28554642857143
"98","t781xy3h",0.547915835303092,72.9668837247752,0.558500326293877,26.0867360541559,0.00160843228185306,0.951452595971219,1.2138442060836,0.235876741324631,9.42993561572112,-3.64331560057472,"58635484a73baa00010db537","abc","2023-04-24-19-47","2023-04-24","full_run",0,86.9299,"With",4,"First",2661330,"44:21",606060,"10:6",37,"female","SomeCollege",28,3,3.2,5.2,4.6,90,0,0,2,1,0,0,2,0,0,1,0,0,0,0,0,0,0,0,1,0,0,0,0,0,0,0,0,1,0,0,0,1,0,0,38,59,19,46,76,74,0,0,3.10463928571429
"99","tjdwytgr",0.488962364207364,74.9403113717226,0.538983625063552,68.7740859478852,0.000600376794336134,0.659425830971106,0.628014425682543,0.157565873944509,8.34914930558949,-57.1532075388086,"5f16f559325a640008bb9a07","abc","2023-04-22-21-39","2023-04-22","full_run",0,88.5401,"With",4,"First",1188137,"19:48",647548,"10:47",36,"male","Bachelor",28,3,1.2,2.8,3.6,74,3,3,2,2,1,1,2,1,0,1,0,1,1,0,0,0,0,0,0,0,1,1,0,0,0,0,1,0,0,0,0,0,1,0,23,26,37,37,98,96,2,5,3.16214642857143
"100","tjr9hr3g",0.52124737837487,78.4447806909635,0.525902883206902,50.8737210556468,0.00213704080667345,1.40304247154183,0.809558457835631,0.24876459308095,9.92839920951519,3.34593434013342,"5b05e0d131cebe000177c38e","abc","2023-04-18-16-39","2023-04-18","full_run",1,81,"With",4,"First",1678051,"27:58",584251,"9:44",41,"male","HighSchool",28,3,1.6,4.4,3,50,1,0,2,0,0,0,2,0,0,0,0,1,0,0,0,0,0,0,0,0,0,0,0,0,0,0,0,1,0,0,0,1,1,0,75,51,25,24,100,100,0,0,2.89285714285714
"101","tk4swd3w",0.53245978384718,27.0600556904316,0.692867747597704,75.4949545604534,0.000195283496765493,0.737914567533037,1.91961147564504,0.19423938273137,1.45395932335214,-25.014136661827,"5f96ae079554ed0256dc3c0b","abc","2023-04-24-17-44","2023-04-24","full_run",1,88.7979,"With",4,"First",2564821,"42:44",1641159,"27:21",40,"female","Master",28,3,1.8,5.4,4.4,73,3,3,2,3,3,3,3,1,0,1,1,3,1,1,0,1,1,0,1,0,1,1,1,1,1,0,0,1,0,0,0,0,0,0,58,76,26,26,83,75,0,25,3.17135357142857
"102","tkglrkau",0.580198044717294,6.56119389154826,0.673374601154754,8.61204099774494,0.319843814822347,0.907779104702426,0.504710106262581,0.165422160342032,1.21725225346935,-42.4908023100653,"60bff9298f56d55c8ecd9adf","abc","2023-04-23-18-27","2023-04-23","full_run",0,86.3474,"With",4,"First",1231598,"20:31",642622,"10:42",32,"female","Bachelor",28,3,1,2.2,3.4,29,2,2,2,0,0,0,2,0,0,0,0,3,0,0,0,0,0,0,0,0,0,0,0,0,0,0,1,0,0,0,0,0,0,0,55,39,0,0,87,80,3,0,3.08383571428571
"103","tmp1wbhd",0.544874551891851,52.7720686568606,0.59172710298297,33.4419000880429,0.000444100304006933,1.62615997111518,1.7415617764353,0.276558039564108,5.65654456278493,16.3508931557668,"62a39ad98ce3882e11e54d8f","abc","2023-04-18-16-39","2023-04-18","full_run",1,85.6081,"With",4,"First",3295655,"54:55",895412,"14:55",25,"female","SomeCollege",28,3,2.4,4.6,4.2,100,2,2,2,1,1,1,3,0,0,0,0,1,0,0,0,0,1,1,1,0,0,0,0,0,0,1,1,1,1,1,1,1,0,0,75,51,36,50,93,86,24,28,3.05743214285714
"104","tnvyypzj",0.661726016546904,78.6956749696285,0.693372265529529,69.0763689639442,0.0177141159987352,0.502076941402733,0.881733522237589,0.100938921338441,0.870204873626777,-119.336301190747,"5ba3de31fcf3440001cd4bc1","abc","2023-04-18-16-39","2023-04-18","full_run",0,85.2087,"With",4,"First",3017555,"50:17",958657,"15:58",38,"female","Bachelor",28,3,1.8,2.8,3.8,36,2,1,1,0,0,0,1,1,0,1,0,1,0,0,0,0,0,0,0,0,1,1,0,1,0,0,0,1,0,0,0,0,1,0,76,75,0,1,90,91,9,26,3.04316785714286
"105","u4xtx2dm",0.51140442346984,70.1407845844919,0.595636184039318,25.5246796075255,0.00200283158364493,0.679714931999684,1.00514854610853,0.141724605652712,2.73012168151652,-59.5458761820723,"60fd738c235e974993ad455c","abc","2023-04-17-20-28","2023-04-17","full_run",0,90.466,"With",4,"First",1635514,"27:15",661563,"11:1",28,"female","Master",28,3,2.4,2.8,5.4,36,3,3,3,1,1,1,3,1,0,0,0,1,0,0,0,1,1,0,1,0,0,1,0,0,0,1,0,1,0,0,1,1,1,0,24,8,12,0,87,100,0,100,3.23092857142857
"106","uh2ltc62",0.526907068341901,23.5640912524597,0.529270081498085,72.7474881606616,0.1007700148847,1.30528855795566,1.90076549038873,0.309305692055406,9.93797700907719,27.3541704430968,"62bdad093f129a724c4dd7b2","abc","2023-04-18-17-58","2023-04-18","full_run",0,79.0666,"With",4,"First",964425,"16:4",489249,"8:9",30,"male","SomeCollege",28,3,0.4,3.4,2.6,81,1,1,1,0,0,0,3,0,0,0,0,0,0,1,0,1,1,1,1,1,1,0,1,1,1,1,1,1,0,0,0,1,1,0,32,22,0,0,100,100,0,100,2.82380714285714
"107","upd5hxem",0.444366471566155,29.6649427137391,0.586554201607221,71.9897661285957,0.00330442467318924,1.28781955860792,1.14350112381262,0.137082579021264,1.54823780560419,-78.7965950752293,"616c4a95398b06c2c85b32ed","abc","2023-04-18-16-41","2023-04-18","full_run",0,90.9001,"With",4,"First",1067507,"17:47",515767,"8:35",24,"male","Bachelor",28,3,0,3.4,2.6,36,2,2,1,1,1,1,1,3,1,3,0,3,0,0,0,0,1,0,0,0,1,1,1,1,0,1,0,0,0,0,0,1,0,0,71,72,7,24,78,74,10,86,3.24643214285714
"108","uu6sywal",0.491385049001541,22.4759907198137,0.579561515594421,32.676277705686,0.108117975967653,1.85558892324012,1.99231323305337,0.294385447891567,9.93874536067351,24.7682695670605,"5d88f2f8cefb52001a83f1b2","abc","2023-04-17-20-26","2023-04-17","full_run",1,82.8821,"With",4,"First",3835532,"63:55",1298361,"21:38",55,"female","Bachelor",28,3,1.4,3.6,3.8,100,2,2,1,1,3,3,1,0,0,0,0,0,0,0,0,0,0,0,0,1,0,0,0,0,0,1,0,0,0,0,0,0,0,0,77,28,50,27,74,75,23,23,2.960075
"109","uunanwps",0.630879570048171,49.3021485108506,0.59899300512204,61.9814427505491,0.000931302379775901,1.35973747882456,1.81899009602379,0.136970958885098,2.91630842715649,-62.5183735506674,"6090578fb2299eacaec32b7a","abc","2023-04-22-21-39","2023-04-22","full_run",0,93.3506,"With",4,"First",1216911,"20:16",596963,"9:56",28,"female","HighSchool",28,3,2.4,2.8,4.4,50,3,3,2,1,1,1,3,0,2,0,0,2,1,0,0,0,0,0,0,0,1,0,0,1,0,0,0,1,0,0,0,0,1,0,50,62,8,6,91,84,13,94,3.33395
"110","uxynf790",0.514536171255005,74.3759316952465,0.57094188954928,76.7168059661164,0.00270571086555717,1.23276315286893,1.0549937911295,0.103475154432552,2.07308563470487,-116.373551425597,"614e2b2bd900d5f91096ac12","abc","2023-04-22-21-38","2023-04-22","full_run",0,92.5828,"With",4,"First",1154384,"19:14",629664,"10:29",37,"male","PhD",28,3,0.4,2.6,3.4,43,2,1,1,3,1,0,0,0,0,1,1,3,0,0,0,0,1,0,0,0,0,1,0,1,0,0,0,0,0,0,0,1,0,0,79,90,14,53,75,91,10,98,3.30652857142857
"111","vsjrkguh",0.449300228613067,48.8368957424441,0.602611735210608,63.8617634721263,6.16079596710349e-05,0.906305374087995,1.15333275950009,0.182456539225789,9.98152647376634,-31.1981532202407,"642c3fea4a786dc7a85d4f5d","abc","2023-04-21-15-50","2023-04-21","full_run",1,86.0248,"With",4,"First",1115761,"18:35",561051,"9:21",50,"male","Bachelor",28,3,1.6,3.8,3.4,73,0,0,0,0,0,0,2,2,1,0,1,2,0,0,1,0,0,1,0,0,1,0,1,1,0,0,0,1,0,0,0,0,0,0,68,68,13,17,75,69,0,0,3.07231428571429
"112","w265f7l0",0.836673613867079,2.19037428612382,0.861796046952648,6.5318496222252,0.408170601546739,1.0238711642121,0.830836534620108,0.337976645215924,1.18050693299754,37.128908820016,"64282ae044d37e83e83ceca5","abc","2023-04-21-15-49","2023-04-21","full_run",1,75.2962,"With",4,"First",2237222,"37:17",1085216,"18:5",50,"male","SomeCollege",28,3,1,2.6,4.2,18,2,2,0,0,3,3,0,0,0,3,0,1,0,0,0,0,1,0,1,0,1,1,0,1,0,0,0,0,0,0,0,0,1,0,66,66,0,0,85,82,0,0,2.68915
"113","wcokcebn",0.859667391699956,1.79071196687019,0.793239503057961,62.6440985688243,0.0465072999246068,1.00236367067579,0.721051645877632,0.310568848610286,0.84558109709529,27.2307617380292,"615ddab1e4f013092538b6c5","abc","2023-04-23-18-04","2023-04-23","full_run",0,76.3686,"With",4,"First",3688991,"61:28",1422764,"23:42",59,"male","Master",28,3,2.6,3.6,3.8,68,2,1,2,1,1,1,1,1,0,0,0,2,0,1,0,1,0,0,0,0,0,0,1,0,0,0,1,0,0,0,0,1,1,0,72,62,0,0,93,95,10,57,2.72745
"114","wlxuzlm2",0.591294907647494,77.2444148777167,0.451695183899537,13.9361423817064,0.00379076110680206,1.06094582906749,1.01515141878985,0.215723078121922,9.53096821798737,-15.1149014415455,"60567e3eb404422ed904e058","abc","2023-04-24-13-29","2023-04-24","full_run",1,89.7985,"With",4,"First",2634330,"43:54",1184708,"19:44",43,"female","Bachelor",28,3,1,3.4,3.2,14,3,3,2,0,0,0,0,0,0,0,0,1,0,1,0,1,1,0,1,1,1,1,0,1,0,0,0,0,0,0,0,0,1,0,74,74,0,0,75,75,0,0,3.20708928571429
"115","wzvtvg06",0.473585667513986,53.6511865387137,0.630428921644125,32.2384390147867,0.0212655330324506,0.505031546353349,0.551470332226188,0.231896100986427,3.26843826304979,-6.72374029561076,"62fbdda6e4b5a034b71296f8","abc","2023-04-19-22-07","2023-04-19","full_run",0,85.2044,"With",4,"First",1453997,"24:13",637050,"10:37",30,"male","HighSchool",28,3,1,1.2,5.4,0,1,1,1,3,1,2,3,0,0,0,0,1,0,0,1,1,0,1,0,1,0,0,1,0,1,1,0,1,0,0,0,1,1,0,70,74,25,0,100,100,0,1,3.04301428571429
"116","x9xdhwht",0.500936169251514,78.7751265860251,0.632510421992169,54.0377836691127,0.00141019933683313,1.11655856409693,1.29527762833623,0.120145797910998,1.66295804374587,-97.5550436736957,"5e29dc4721a5f20481c70274","abc","2023-04-22-21-41","2023-04-22","full_run",0,91.1618,"With",4,"First",2924821,"48:44",722386,"12:2",38,"female","Bachelor",28,3,1.4,2.2,4.6,52,1,1,1,1,2,2,2,1,0,0,0,1,0,1,0,1,0,0,0,0,0,0,0,0,0,0,0,1,0,0,0,0,0,0,50,50,2,3,76,69,4,30,3.25577857142857
"117","xd8yunpf",0.364020496400296,5.81769942827523,0.817676573108865,2.4334813986931,0.0733527365225693,0.595182835226447,0.585669489505748,0.161653432953785,0.628109171858367,-55.8221688180392,"565c6791c121fe0012fc3caf","abc","2023-04-22-21-39","2023-04-22","full_run",0,91.0746000000001,"With",4,"First",1480138,"24:40",672927,"11:12",36,"female","SomeCollege",28,3,1.8,2.8,4.6,42,2,2,1,0,1,0,1,0,0,1,0,1,0,1,0,0,0,0,0,1,0,0,0,0,0,1,1,0,0,0,0,0,0,0,74,51,56,47,64,55,58,46,3.25266428571429
"118","xpv2212l",0.609895428812086,48.1118554584538,0.523179658545263,77.2465209194347,0.00153855792229502,0.776072536710318,1.20635340726223,0.336729963902098,9.171275164494,36.7549007823092,"6400df62229506825a2727bb","abc","2023-04-18-16-39","2023-04-18","full_run",0,76,"With",4,"First",2731738,"45:31",1966861,"32:46",27,"male","SomeCollege",28,3,2.8,5.4,3.8,77,0,0,2,0,0,0,3,0,0,0,0,3,0,0,0,0,0,0,0,0,0,0,0,0,0,0,0,0,0,0,0,1,1,0,34,26,0,0,85,84,6,3,2.71428571428571
"119","y5lxbx18",0.498639416708439,63.5633484636691,0.528297561126,40.6948328768586,0.000163668124369076,0.745501079725762,0.752731924176282,0.167002307392915,6.90523897228264,-51.0487506946719,"63474e67a5fd298c6103c409","abc","2023-04-23-18-05","2023-04-23","full_run",0,88.5576,"With",4,"First",3781717,"63:1",920492,"15:20",31,"male","HighSchool",28,3,3,5,4.4,74,2,2,1,1,1,1,3,0,2,0,0,3,0,0,0,0,0,1,0,0,0,0,1,0,1,0,0,1,0,0,0,1,0,0,73,76,12,70,83,91,1,86,3.16277142857143
"120","yfqdozza",0.64453498739536,77.3062899827957,0.562814327138722,6.3424673166126,0.00139417057030774,1.03635315051758,0.843726566450968,0.132788909717478,0.563713132785499,-84.8281714002931,"6341b868a41dcb8f252c509a","abc","2023-04-21-15-48","2023-04-21","full_run",0,93.6801,"With",4,"First",2191602,"36:31",623376,"10:23",36,"male","Bachelor",28,3,1.8,2.2,4.2,38,2,2,1,1,1,1,2,2,1,1,0,2,1,1,0,0,1,0,0,0,0,0,0,0,0,1,0,0,0,0,1,1,1,0,71,70,65,53,75,64,7,0,3.34571785714286
"121","yhw67vny",0.876569216137195,6.17348266147888,0.880801900440486,36.520759922828,0.000820529804919414,1.68437505581698,1.09146584769111,0.0732196818744433,0.661930338015638,-133.841672460761,"5fc7a6aaa7646c0009521161","abc","2023-04-21-15-48","2023-04-21","full_run",0,89.3897,"With",4,"First",1268000,"21:7",715524,"11:55",51,"male","Master",28,3,1,2.8,3.6,68,2,2,1,0,1,1,3,0,0,1,0,3,0,0,0,0,1,0,0,0,1,1,0,1,0,1,0,1,0,0,0,1,1,0,72,73,50,50,97,100,0,0,3.19248928571429
"122","yqwul9on",0.558260937506488,72.2202400704672,0.560170804284244,66.1683676533568,0.000453513243434346,1.60502041428558,1.4111296648282,0.15248031135042,2.8511350741269,-50.8729358438999,"5ae59f8cc3c3ab00018f7185","abc","2023-04-24-17-56","2023-04-24","full_run",0,87.5155,"With",4,"First",2140208,"35:40",743990,"12:23",40,"female","HighSchool",28,3,0.4,4.2,3.2,100,0,0,4,0,0,0,3,0,0,0,0,1,0,0,0,0,0,0,0,0,0,0,0,0,0,1,1,1,0,1,1,1,1,1,21,23,0,0,74,75,0,0,3.12555357142857
"123","zbusl0q2",0.543895815201104,79.7139818836318,0.631063094299071,54.2515934509851,0.00418988602672076,0.897267672632603,0.755213075723953,0.0786422838551278,1.37364384986434,-124.657263833637,"5e6685e1ffed4c405a4db5d0","abc","2023-04-21-15-48","2023-04-21","full_run",0,88.5547,"With",4,"First",1899582,"31:39",1129068,"18:49",27,"other","Bachelor",28,3,0.2,0.2,5.8,0,3,1,1,3,3,3,3,2,0,2,0,3,0,1,0,1,1,0,1,1,0,1,0,1,0,0,1,0,0,1,0,1,0,0,73,75,24,37,95,100,0,11,3.16266785714286
