"completion_code","worker_id","hit_id","start_ISO_time","date","pilot_type","times_comprehension_wrong","score","condition","max_block_number","news_station_first","time_on_task_in_ms","time_on_task","time_on_main_task_in_ms","time_on_main_task","age","gender","education","num_of_main_trials","catch","credulity","mistrust","trust","wvs","trust_Press","trust_Television","trust_SocialMedia","frequency_Cable","frequency_NatTV","frequency_LocalTV","frequency_Socialmedia","frequency_Podcasts","frequency_Blogs","frequency_PublicRadio","frequency_TalkRadio","frequency_NewsSitesApps","frequency_PrintNewspapers","ABC News","Breitbart","CBS News","CNN","Fox News","MSNBC","NBC News","New York Times","NPR","Wall Street Journal","Washington Post","USA Today","Facebook","Instagram","Twitter","WhatsApp","Snapchat","TikTok","YouTube","Reddit","LinkedIn","bluebias_trust","bluebias_improve","random_trust","random_improve","helpful_trust","helpful_improve","opposite_trust","opposite_improve"
"0fa5xdrz","5ffbb4630d039865eb3c077c","abc","2023-06-25-21-03","2023-06-25","full_run",0,185.6638,"Without",4,"First",2515078,"41:55",1497590,"24:57",27,"female","Bachelor",28,3,0.8,2.2,6,64,3,1,2,0,1,0,2,0,0,0,0,1,0,0,0,0,0,0,0,0,0,0,0,0,0,0,1,1,0,0,1,0,0,0,24,17,35,43,56,63,10,8
"0xzs6x9a","5f5797c54d47e72494ff5840","abc","2023-06-23-14-12","2023-06-23","full_run",1,178.9766,"Without",4,"First",1436103,"23:56",906889,"15:6",33,"female","HighSchool",28,3,0,0,6,0,3,3,3,1,0,0,2,0,0,0,0,1,0,0,0,0,1,0,0,0,0,0,0,0,0,0,0,1,0,0,0,0,0,0,100,100,87,86,83,84,100,100
"0yvl4gzf","56802e5fc5767f00121cc6a0","abc","2023-06-12-15-54","2023-06-12","full_run",0,189.9207,"Without",4,"First",3134951,"52:14",1597799,"26:37",65,"male","SomeCollege",28,3,1.4,3.4,2.6,95,3,3,2,3,1,3,2,0,0,0,0,1,0,1,0,1,0,1,0,0,0,0,0,1,0,1,0,1,0,0,0,0,1,0,100,86,31,21,75,99,0,0
"1p4xgcv2","6080c437c4d7109234489144","abc","2023-06-23-18-06","2023-06-23","full_run",2,170,"Without",4,"First",2807743,"46:47",1699602,"28:19",23,"female","NoHighSchool",28,3,4,4,4.4,57,2,1,4,0,0,0,1,1,0,1,0,0,0,0,0,0,0,0,0,0,0,1,0,0,0,0,0,0,0,0,1,0,0,0,75,50,73,50,72,67,20,50
"1rfyqzvl","6134f3abaefbdb6181e44ae2","abc","2023-06-24-20-26","2023-06-24","full_run",2,182.2441,"Without",4,"First",2760772,"46:0",1698279,"28:18",24,"female","Bachelor",28,3,3,2.8,4.8,61,1,1,1,0,0,1,2,0,0,0,0,0,0,0,0,0,0,0,0,0,0,0,0,0,0,0,0,1,0,0,1,0,0,0,54,42,38,37,71,76,47,37
"1rtsn438","628f9792b0d89f574e123771","abc","2023-06-25-22-24","2023-06-25","full_run",2,120.0682,"Without",4,"First",2861386,"47:41",797304,"13:17",21,"male","SomeCollege",28,3,0.6,2.6,1.8,69,1,1,2,1,1,1,2,1,0,0,0,1,0,0,0,0,0,0,0,0,1,0,0,0,0,1,0,1,0,0,1,0,1,0,35,25,73,29,76,46,77,48
"1s1vqmwy","647914722126a6a69e716095","abc","2023-06-26-17-28","2023-06-26","full_run",3,174.6935,"Without",4,"First",2494178,"41:34",1055854,"17:35",52,"female","Bachelor",28,3,2.8,3.4,2.4,73,2,3,3,1,0,1,2,2,1,3,0,2,0,1,0,0,0,1,0,0,1,0,0,0,0,1,1,1,1,0,1,1,0,1,51,50,55,59,52,54,50,51
"24p74eye","615859547c3d088e8fa5384f","abc","2023-06-23-14-26","2023-06-23","full_run",3,127.4664,"Without",4,"First",2273728,"37:53",1240367,"20:40",52,"male","HighSchool",28,3,1.4,2.4,4.6,90,1,1,1,0,1,3,1,1,1,3,1,0,0,0,0,0,0,1,0,0,0,1,0,0,0,1,1,1,1,0,1,1,0,1,36,37,69,66,75,75,50,50
"2he8ccjd","644ce949173f13f2adb55efd","abc","2023-06-23-14-20","2023-06-23","full_run",3,182.8095,"Without",4,"First",3877455,"64:37",1790329,"29:50",61,"female","Master",28,3,3.4,2.8,3.8,71,0,0,2,0,0,0,3,3,1,0,1,1,0,0,0,0,0,0,0,0,0,0,0,0,0,0,0,1,0,0,0,0,0,0,68,59,63,62,76,76,24,24
"2p2qngsy","6078b85e024d1d094113c3aa","abc","2023-06-26-16-16","2023-06-26","full_run",0,178.0431,"Without",4,"First",1316719,"21:56",747401,"12:27",22,"male","SomeCollege",28,3,0.8,4.4,3.2,80,2,2,1,0,0,0,2,0,0,0,0,1,0,0,0,0,0,0,0,0,0,0,0,0,0,0,0,1,0,0,0,0,1,0,42,40,16,17,45,61,14,6
"2wbdhcfa","5fd8ca40697e370870a312e8","abc","2023-06-25-21-05","2023-06-25","full_run",0,190.7267,"Without",4,"First",1603257,"26:43",882497,"14:42",32,"male","SomeCollege",28,3,1.4,2.2,4.4,22,2,1,0,0,1,0,3,1,0,1,0,3,1,0,0,0,0,0,0,0,0,1,0,0,0,1,0,1,0,0,0,0,1,0,13,12,75,69,64,34,0,82
"3bjhzu16","645ac35f90b04dd8447fce98","abc","2023-06-23-17-46","2023-06-23","full_run",1,194.6848,"Without",4,"First",4386217,"73:6",2685118,"44:45",52,"male","Master",28,3,2.4,4.6,3.4,87,0,0,0,0,0,0,0,0,0,0,0,1,0,0,0,0,0,0,0,0,0,0,1,1,0,0,0,0,0,0,0,0,0,0,61,61,27,26,90,82,4,13
"3px58snn","63d18647419ae52f5e141607","abc","2023-06-24-20-35","2023-06-24","full_run",0,189.0988,"Without",4,"First",1914482,"31:54",949448,"15:49",35,"male","SomeCollege",28,3,0.8,2.6,5.2,72,1,1,1,0,0,0,3,1,0,0,0,1,0,0,0,0,0,0,0,0,0,1,0,0,0,1,1,0,0,0,0,1,1,0,71,65,50,58,75,75,1,2
"3ypa9yxs","629e112d75f3665c8362ab6f","abc","2023-06-26-16-23","2023-06-26","full_run",0,174.2529,"Without",4,"First",3736986,"62:16",814246,"13:34",28,"male","HighSchool",28,3,2,3.8,2.6,66,1,2,1,0,0,1,1,0,0,0,0,1,0,0,0,0,0,0,0,0,0,0,0,0,0,0,0,1,0,0,0,0,0,0,75,72,75,75,72,66,27,60
"3ytrl1h3","63d038df22d91342aa17cb0f","abc","2023-06-23-18-04","2023-06-23","full_run",0,183.7059,"Without",4,"First",4819156,"80:19",2572487,"42:52",18,"male","HighSchool",28,3,2.4,3,5.2,62,2,2,3,2,1,2,3,0,0,0,0,1,0,0,0,0,1,0,0,1,0,0,0,0,0,0,1,0,1,0,1,0,1,0,36,26,9,58,71,48,9,51
"4g887d2x","63db1ccde6434330f2a99d87","abc","2023-06-25-20-56","2023-06-25","full_run",1,182.9761,"Without",4,"First",2652017,"44:12",1613597,"26:53",37,"other","Bachelor",28,3,1.8,4.4,3.4,79,1,0,1,0,0,1,2,0,0,1,0,1,1,0,0,0,0,0,0,1,0,1,0,1,0,1,1,1,0,0,1,1,1,1,71,73,49,51,77,78,6,25
"4pfcn1bb","5a585be8e0cf3d00012657b8","abc","2023-06-26-16-27","2023-06-26","full_run",0,190.6666,"Without",4,"First",1628960,"27:8",826918,"13:46",39,"male","SomeCollege",28,3,0.4,0.8,5.6,17,1,1,1,0,0,0,2,2,0,0,0,1,0,0,1,0,1,0,0,0,1,0,0,1,0,0,0,1,0,0,0,0,0,0,79,81,43,35,79,79,15,13
"4sag15hy","60412f7a5f580407f8e6e615","abc","2023-06-24-20-42","2023-06-24","full_run",0,188.8515,"Without",4,"First",2064014,"34:24",1080795,"18:0",37,"male","SomeCollege",28,3,1.2,4,3,77,1,1,1,0,0,0,2,0,0,0,0,3,0,0,0,0,1,0,0,1,1,0,0,0,0,0,0,0,0,0,0,1,1,0,24,26,24,23,75,76,0,0
"50g5axl7","5c1d3f2299de680001e28182","abc","2023-06-24-20-40","2023-06-24","full_run",0,191.442,"Without",4,"First",1827698,"30:27",978688,"16:18",32,"female","SomeCollege",28,3,2.6,3.4,4.6,75,2,2,2,0,0,0,2,0,0,0,0,1,0,0,0,0,1,0,1,0,1,0,0,0,0,1,0,0,0,0,0,0,0,0,54,60,50,50,82,78,0,0
"5783rgu8","622919958426eefc61bf3357","abc","2023-06-24-20-30","2023-06-24","full_run",2,132.1956,"Without",4,"First",2271006,"37:51",1224069,"20:24",53,"female","SomeCollege",28,3,1.4,2,3.4,32,2,2,1,0,2,3,0,2,0,0,0,1,0,1,0,1,0,0,0,1,0,0,0,0,0,0,1,0,0,0,0,0,0,0,51,50,50,50,50,50,50,50
"5u8z9z90","5ef78f819d93424af2af742b","abc","2023-06-23-14-16","2023-06-23","full_run",2,174.4275,"Without",4,"First",2320847,"38:40",1547063,"25:47",41,"male","SomeCollege",28,3,2.8,4,5.8,80,3,4,2,2,3,3,3,2,3,3,1,3,2,1,0,1,1,0,1,1,0,1,1,1,1,1,1,0,0,1,0,1,1,0,75,25,100,74,75,86,74,100
"5yxs73vp","596e1af7a09655000197d4bb","abc","2023-06-22-18-58","2023-06-22","full_run",0,191.2526,"Without",4,"First",3882681,"64:42",2607371,"43:27",37,"male","Bachelor",28,3,2.2,3.2,4.2,32,1,1,1,0,1,1,2,1,1,3,1,2,1,0,0,0,0,0,0,0,1,1,1,0,0,0,1,1,0,0,0,1,1,1,71,60,60,42,67,76,16,15
"6rmrw2uo","616ddd8fb030bba466234e7a","abc","2023-06-22-18-54","2023-06-22","full_run",1,174.2839,"Without",4,"First",2124241,"35:24",1024175,"17:4",35,"male","SomeCollege",28,3,2.4,2.8,4.6,61,1,1,1,1,0,1,2,1,0,0,0,1,0,0,0,0,0,1,0,1,0,0,0,1,0,1,0,1,0,0,0,1,0,1,83,79,57,61,63,66,44,42
"6skqdco8","5dd299a27f1bbf2a83554ecf","abc","2023-06-22-19-11","2023-06-22","full_run",1,176.6586,"Without",4,"First",2666576,"44:26",1428204,"23:48",46,"female","Bachelor",28,3,1.2,2.8,3.6,65,2,1,0,2,1,0,0,0,1,1,0,1,1,0,0,0,1,0,0,1,1,1,0,0,0,0,0,0,0,0,0,0,0,0,42,38,42,41,43,46,45,46
"73nj39v8","5e93e2a7a5de13720dffc7f9","abc","2023-06-24-20-16","2023-06-24","full_run",0,197.8581,"Without",4,"First",2676191,"44:36",1587288,"26:27",46,"male","HighSchool",28,3,0.4,2.8,1.8,18,3,2,1,0,0,0,0,2,1,0,0,3,0,0,0,0,0,0,0,0,0,0,0,0,0,0,0,0,0,0,0,1,1,0,30,35,29,20,73,74,0,0
"8m0d1z43","58d2cb10f5899100018a05b8","abc","2023-06-12-15-30","2023-06-12","full_run",0,179.2518,"Without",4,"First",2620805,"43:40",1362391,"22:42",35,"male","Bachelor",28,3,1.2,4.2,4.6,87,3,3,2,2,1,3,3,0,0,0,0,2,2,0,0,1,1,0,0,0,1,0,0,0,0,1,0,1,0,0,0,1,0,0,100,100,75,73,72,73,27,31
"8pd1c53b","611622ddd8be1ac51298cb89","abc","2023-06-25-15-25","2023-06-25","full_run",3,134,"Without",4,"First",4707425,"78:27",898626,"14:58",20,"male","SomeCollege",28,3,2.2,4.4,3.4,83,1,1,1,0,0,1,1,2,1,0,0,3,0,0,0,0,1,0,0,0,1,0,0,0,0,0,1,1,0,0,0,1,1,0,100,100,100,100,100,100,100,79
"8ujuqwul","647169ddca65488ef4192add","abc","2023-06-23-17-57","2023-06-23","full_run",3,162.7462,"Without",4,"First",4237498,"70:37",2394468,"39:54",30,"female","Bachelor",28,3,3.2,3.2,3.8,0,3,3,3,2,2,2,2,1,2,1,2,2,2,1,0,0,1,0,0,1,0,0,0,0,1,1,0,0,1,0,0,1,0,1,75,77,78,81,74,78,73,83
"8um84abg","5edb6d2469290d00092100f8","abc","2023-06-12-15-31","2023-06-12","full_run",1,174.9288,"Without",4,"First",2899801,"48:19",2016284,"33:36",48,"male","HighSchool",28,3,1.6,2.4,3.6,50,3,2,0,0,0,0,3,0,0,1,0,2,0,0,0,0,0,0,0,0,0,1,0,0,0,1,0,1,0,0,0,0,1,0,77,75,30,27,74,75,5,2
"96zfz6u3","633259075c2d3571332bdae7","abc","2023-06-23-14-22","2023-06-23","full_run",0,190.3275,"Without",4,"First",2503860,"41:43",1348850,"22:28",28,"male","SomeCollege",28,3,2.2,3.6,5,31,0,0,1,0,0,0,1,0,0,0,0,1,0,0,0,0,0,0,0,0,0,0,0,0,0,0,0,0,0,0,0,1,0,0,60,16,50,8,67,66,3,79
"a3gz2jhu","61bb3a5340db417c1a138ffc","abc","2023-06-25-15-26","2023-06-25","full_run",0,176.6004,"Without",4,"First",2868807,"47:48",1512395,"25:12",47,"female","SomeCollege",28,3,1.8,4,2.2,90,0,0,1,0,0,0,1,1,0,0,1,0,0,0,1,0,0,0,0,0,0,0,0,0,0,0,0,1,0,0,1,0,0,0,99,99,17,18,100,99,0,8
"acsmhj06","5ef8fb1e04563309af34689a","abc","2023-06-26-16-48","2023-06-26","full_run",0,172.2552,"Without",4,"First",1215394,"20:15",693890,"11:33",23,"male","Bachelor",28,5,3.4,2.2,5,95,3,1,3,0,1,0,2,0,0,0,0,2,0,0,0,1,0,0,0,0,0,0,0,0,0,0,0,1,0,0,0,0,0,0,35,59,78,85,91,100,23,27
"ap8dgzkf","61412d298de8e1b44e950fb3","abc","2023-06-24-20-38","2023-06-24","full_run",0,190.2888,"Without",4,"First",1753123,"29:13",1029425,"17:9",32,"male","SomeCollege",28,3,2,4.4,5.4,68,2,1,2,2,1,1,3,0,0,1,0,2,1,0,0,0,1,0,0,0,1,0,1,1,0,1,1,1,0,0,1,1,1,0,59,42,62,76,91,94,11,4
"aryq12pr","5fdaa54d27054553572384c3","abc","2023-06-24-20-30","2023-06-24","full_run",0,195.4647,"Without",4,"First",3013460,"50:13",1494426,"24:54",45,"female","Master",28,3,2,2.4,5.4,26,2,3,2,0,2,1,2,0,0,0,0,3,0,0,0,0,0,0,1,0,1,0,0,0,0,0,1,1,0,0,1,0,0,0,70,50,38,0,87,83,13,0
"av68cc77","5b745fb794c93d00010fc4c6","abc","2023-06-22-19-13","2023-06-22","full_run",0,195.1553,"Without",4,"First",2400950,"40:0",1412076,"23:32",47,"male","Bachelor",28,3,0.8,3.4,1.4,55,2,2,1,0,0,0,3,1,1,0,0,0,0,0,0,0,0,0,0,0,0,0,0,0,0,0,0,1,0,0,0,0,0,0,63,76,32,50,74,76,5,50
"ay5h5gyg","62865d7591cf5a6008321e79","abc","2023-06-23-14-25","2023-06-23","full_run",0,190.5334,"Without",4,"First",2264307,"37:44",1638846,"27:18",29,"male","PhD",28,3,1.4,3,4.6,79,1,1,3,0,1,0,2,0,0,0,0,2,0,0,0,0,0,0,0,0,0,0,0,0,0,0,0,1,0,0,0,0,1,0,72,61,25,20,75,76,0,16
"ba46vsx1","5e6ef5fbf14d264ae2ef3867","abc","2023-06-22-19-17","2023-06-22","full_run",0,189.4378,"Without",4,"First",5042216,"84:2",669659,"11:9",32,"male","Bachelor",28,3,1.4,4,2.8,67,2,2,1,1,1,2,1,0,0,0,0,2,0,1,0,0,1,1,0,0,0,1,0,1,0,0,0,1,0,0,0,0,0,0,75,59,91,73,77,50,1,21
"bdwnaggl","5cec5f7afdd26c00193ba64b","abc","2023-06-26-16-22","2023-06-26","full_run",0,186.3745,"Without",4,"First",2526488,"42:6",1360316,"22:40",30,"male","Bachelor",28,3,0.2,1.8,3.6,15,2,1,2,1,1,1,3,1,0,0,0,2,0,0,1,0,0,0,1,0,0,1,0,1,0,0,0,1,0,0,0,1,1,0,75,75,77,73,100,100,2,0
"bgzp5qyh","62bb31196b1faed16b34e914","abc","2023-06-25-15-16","2023-06-25","full_run",0,195.7988,"Without",4,"First",2760781,"46:0",1247702,"20:47",46,"male","SomeCollege",28,3,0.4,2.6,4.4,7,2,2,1,0,0,0,1,0,0,0,0,3,0,0,0,0,1,1,1,0,0,0,0,0,0,0,0,1,0,0,0,1,0,0,100,100,0,0,74,72,0,0
"bkakv44h","5a5d0554ac562400015402dd","abc","2023-06-23-17-40","2023-06-23","full_run",0,162.6885,"Without",4,"First",2443174,"40:43",1399498,"23:19",63,"female","Master",28,3,1.2,4.8,3,88,4,3,1,3,1,0,1,0,0,2,0,2,0,1,0,1,1,0,1,1,0,1,0,0,0,1,1,1,1,0,0,1,1,1,100,100,22,6,78,81,0,0
"cg3m01mg","647e19f6623aca4119786c70","abc","2023-06-24-21-03","2023-06-24","full_run",1,148.7894,"Without",4,"First",3253821,"54:13",1540159,"25:40",73,"female","Master",28,3,4.6,4.8,5.4,100,2,2,3,1,1,1,3,2,3,1,1,1,1,1,0,0,1,1,0,0,0,0,0,0,0,1,1,1,1,1,1,1,0,0,100,100,100,100,100,100,100,100
"codgtzk9","63a5d44a2536f3e1cfb42541","abc","2023-06-25-21-07","2023-06-25","full_run",0,185.3259,"Without",4,"First",2908613,"48:28",1663913,"27:43",55,"female","Bachelor",28,3,1.2,2.2,4.2,0,3,2,0,2,1,1,0,1,0,2,2,1,0,0,0,0,1,0,0,0,1,1,0,0,0,0,1,0,0,1,0,0,0,1,38,37,43,45,75,76,13,12
"curj7lva","604c43026c4192103feff6e7","abc","2023-06-23-18-02","2023-06-23","full_run",0,182.35,"Without",4,"First",2488981,"41:28",1492111,"24:52",21,"male","Bachelor",28,3,3,3.4,4,80,1,1,0,0,1,0,0,0,0,0,0,0,0,0,0,0,0,0,0,0,0,0,0,0,0,0,0,0,0,0,0,0,0,0,23,77,0,0,27,75,0,0
"df9st6eu","5e64393b2a0d161c7c02126c","abc","2023-06-24-20-39","2023-06-24","full_run",0,187.7185,"Without",4,"First",2479526,"41:19",1485437,"24:45",36,"female","Master",28,3,3.6,4,4.8,100,1,1,2,1,1,1,3,1,0,0,0,3,0,1,0,1,1,1,1,1,1,0,0,1,1,0,0,1,0,0,0,0,1,0,63,63,37,24,67,74,14,74
"e2g97kd7","5d9cd36bed4008001284dcba","abc","2023-06-25-20-58","2023-06-25","full_run",0,176.6235,"Without",4,"First",1890444,"31:30",1156472,"19:16",26,"female","SomeCollege",28,3,2,4,4.6,91,0,0,2,0,0,0,3,3,3,0,0,0,0,0,0,0,0,0,0,0,0,0,0,0,0,0,1,1,0,1,1,0,0,0,83,85,80,91,38,29,0,0
"ez3rhwy4","5f32bc368853aa03df112fc6","abc","2023-06-26-16-25","2023-06-26","full_run",6,161.746,"Without",4,"First",2932732,"48:52",1077517,"17:57",23,"female","SomeCollege",28,3,3,3,3,99,2,2,2,2,1,0,2,2,1,1,0,0,0,0,0,0,0,0,0,0,0,0,0,0,1,1,1,0,0,0,1,1,0,0,89,29,96,12,69,60,98,32
"f7yuyaqc","5fc17e97c8c4d714655b2c6f","abc","2023-06-12-16-03","2023-06-12","full_run",0,184.0861,"Without",4,"First",2914310,"48:34",1403664,"23:23",24,"female","HighSchool",28,3,3.6,3.2,5.4,90,2,2,3,0,0,0,1,1,0,0,0,0,0,0,0,0,0,0,0,0,0,0,0,0,0,0,1,1,0,0,1,1,0,0,11,28,74,24,91,90,2,76
"fbrwpzxr","5def2693ac00aa5c27166356","abc","2023-06-12-16-06","2023-06-12","full_run",1,173.7578,"Without",4,"First",2655941,"44:15",1461432,"24:21",31,"female","HighSchool",28,3,1.6,4,4.2,92,2,2,0,2,2,2,3,1,0,0,0,0,0,0,0,0,1,0,0,0,1,0,1,1,0,0,0,0,0,0,0,0,0,0,76,77,49,49,76,76,22,25
"fob4px3o","5da8566c033d5700135798fb","abc","2023-06-26-16-27","2023-06-26","full_run",1,187.0437,"Without",4,"First",5663946,"94:23",1865487,"31:5",35,"female","HighSchool",28,3,1.2,4.4,3.8,85,0,0,0,0,0,0,1,0,1,0,0,1,0,0,0,0,1,0,0,0,0,0,0,0,0,0,0,0,0,0,0,0,0,0,40,49,50,52,80,75,23,20
"fonum3cd","6489f6cc16e8094b222cbd99","abc","2023-06-25-21-14","2023-06-25","full_run",1,129.1769,"Without",4,"First",4146957,"69:6",1973891,"32:53",66,"male","Bachelor",28,3,2.8,4.2,4.4,14,3,2,2,3,2,2,2,2,2,2,1,1,1,0,0,0,1,1,0,0,1,0,0,0,1,1,1,1,0,0,0,1,0,0,80,83,77,78,80,79,77,77
"g7ndke5p","5cf3733e30eedd00156bbf3e","abc","2023-06-23-18-03","2023-06-23","full_run",0,188.8113,"Without",4,"First",2621440,"43:41",1371631,"22:51",30,"female","SomeCollege",28,3,0.6,1.4,3.4,66,1,1,1,1,1,2,3,1,0,1,0,1,0,0,0,0,0,1,0,0,0,0,0,0,0,1,0,0,0,0,0,0,0,0,50,27,74,79,86,86,0,77
"gcaq5nry","62b1418c313cf1ef437ed9c3","abc","2023-06-23-17-45","2023-06-23","full_run",0,191.2691,"Without",4,"First",2735817,"45:35",1665759,"27:45",19,"female","SomeCollege",28,3,2.8,2.6,4.8,67,2,2,2,0,0,0,2,2,3,0,0,1,0,0,0,0,0,0,0,0,0,1,0,0,0,0,1,1,0,0,1,1,1,0,80,78,62,22,75,90,26,50
"gfas0c1r","611164775aedea43b9a27722","abc","2023-06-25-20-56","2023-06-25","full_run",0,176.5804,"Without",4,"First",2409354,"40:9",1272140,"21:12",21,"female","SomeCollege",28,3,2.4,5.8,2.4,66,1,1,2,0,0,0,3,0,0,1,0,1,0,0,0,0,0,0,0,0,0,0,0,0,0,0,0,1,0,0,1,0,1,0,34,39,0,0,91,90,0,0
"h56olome","56ad40ce5ea7aa000cbe1947","abc","2023-06-23-14-15","2023-06-23","full_run",0,174.4847,"Without",4,"First",3303563,"55:3",1677243,"27:57",54,"male","Bachelor",28,3,1,2.2,2.4,0,3,3,1,1,1,1,3,1,1,3,1,3,1,1,0,1,1,0,1,1,1,1,1,1,1,0,0,0,0,0,1,1,0,0,75,75,25,24,100,100,0,0
"hbl8xzyc","606b4092321de2bfbfa6b719","abc","2023-06-26-16-32","2023-06-26","full_run",0,172.6372,"Without",4,"First",4638899,"77:18",3291055,"54:51",40,"female","Bachelor",28,3,1,2.4,4,42,3,1,2,1,1,1,2,1,0,3,0,1,1,1,0,1,1,0,0,0,1,1,0,0,0,0,0,0,0,0,0,0,1,0,72,73,50,50,50,50,72,76
"hgjp2508","5d82dce291fa480016305897","abc","2023-06-22-19-07","2023-06-22","full_run",3,168.8806,"Without",4,"First",2682160,"44:42",2057584,"34:17",23,"female","SomeCollege",28,3,2.8,4.4,4,100,0,1,1,0,1,1,1,0,0,0,0,0,1,1,0,0,0,0,0,0,0,0,0,0,1,1,0,0,0,0,0,0,0,0,36,24,34,34,74,74,72,74
"hka0xsxk","61281debe85082cc937dd9ae","abc","2023-06-23-14-02","2023-06-23","full_run",0,192.5935,"Without",4,"First",1907316,"31:47",1224925,"20:24",31,"female","Master",28,3,1,2,5.2,77,2,2,0,0,2,0,1,0,0,0,1,3,0,0,0,0,0,0,0,0,1,1,1,1,1,0,1,0,1,1,1,0,0,0,74,75,29,61,59,61,0,25
"hxqr8s7b","62a0f65404d6ac8611d67c12","abc","2023-06-23-18-01","2023-06-23","full_run",1,182.0826,"Without",4,"First",2099066,"34:59",1196405,"19:56",46,"male","Bachelor",28,3,2,2.8,3.2,41,1,1,1,1,0,0,3,2,1,0,0,3,0,0,0,0,1,0,0,0,0,0,0,0,0,0,0,1,0,0,0,0,0,0,29,36,45,43,60,74,13,12
"j8p1j8bt","6109e6596c52fa1f853b16c2","abc","2023-06-23-18-04","2023-06-23","full_run",0,174.3562,"Without",4,"First",3688521,"61:28",1496173,"24:56",33,"female","Master",28,3,1.4,2.2,5.6,81,2,2,2,0,0,0,3,0,0,0,0,3,0,0,0,0,1,0,0,0,1,1,0,0,0,1,1,0,0,0,1,0,1,0,70,66,49,42,87,91,57,57
"ja3pylvg","5f9fb315ae6f085ff96c0cac","abc","2023-06-24-20-45","2023-06-24","full_run",0,192.7921,"Without",4,"First",1325477,"22:5",774722,"12:54",31,"male","SomeCollege",28,3,1.6,4.2,3.8,64,2,1,1,0,0,0,2,0,0,0,0,3,0,1,0,1,1,1,1,1,1,1,1,1,1,0,0,1,0,0,0,0,1,0,68,68,35,46,77,75,0,9
"jdhbm786","615e0d2fedd874586d1609ed","abc","2023-06-12-16-08","2023-06-12","full_run",0,177.8454,"Without",4,"First",1297694,"21:37",791875,"13:11",22,"female","Master",28,3,2.2,2.6,5.6,50,3,3,2,1,3,2,3,0,0,0,1,1,0,0,0,0,0,0,1,1,1,0,0,0,0,0,1,1,0,0,1,1,0,0,81,50,25,0,100,100,0,0
"jdy6471m","6400de584fca5a2408657306","abc","2023-06-26-16-25","2023-06-26","full_run",1,187.8182,"Without",4,"First",2363752,"39:23",1394671,"23:14",19,"male","HighSchool",28,3,5.2,5,4.8,90,3,3,4,2,1,0,1,1,0,1,0,2,0,0,0,0,1,1,0,0,0,0,0,1,0,1,1,0,0,0,1,1,1,0,97,86,81,80,77,76,23,22
"k2wg5gg3","5b920a69abfadc0001e7ffa9","abc","2023-06-24-20-46","2023-06-24","full_run",0,192.375,"Without",4,"First",2077278,"34:37",1105594,"18:25",27,"female","SomeCollege",28,3,2.4,2.8,5,73,1,1,1,0,0,1,2,2,0,0,0,2,0,0,0,0,0,0,0,0,1,0,0,1,0,1,0,0,0,0,1,1,1,0,61,50,41,23,74,75,13,50
"k50a66z7","5ea1aeee7bc39507649de2e7","abc","2023-06-26-16-20","2023-06-26","full_run",6,149.1453,"Without",4,"First",4240312,"70:40",1996340,"33:16",24,"male","Bachelor",28,3,4.6,4.6,5.2,85,3,2,3,3,2,2,1,2,1,0,0,1,1,0,0,0,1,0,0,0,0,0,0,0,0,1,1,0,0,0,1,1,0,0,78,72,73,84,79,82,99,74
"k556cggx","63782709326973c77adc3db8","abc","2023-06-26-16-18","2023-06-26","full_run",0,178.6764,"Without",4,"First",5894131,"98:14",4575311,"76:15",65,"female","Bachelor",28,3,1.4,3.6,3.4,40,2,2,1,0,1,0,0,0,0,1,0,2,1,1,0,1,0,0,0,1,1,1,0,1,0,0,0,1,0,0,0,0,0,0,76,75,18,20,73,75,35,32
"kdzq0ao6","58adfc6e7cf56d0001f931a2","abc","2023-06-26-16-09","2023-06-26","full_run",0,191.4476,"Without",4,"First",7193415,"119:53",4382322,"73:2",26,"male","SomeCollege",28,3,3.2,5,0.6,71,1,0,1,0,0,0,0,0,0,0,0,0,0,0,0,0,0,0,0,0,0,1,0,0,0,0,0,0,0,0,0,1,0,0,51,36,32,56,78,89,1,6
"kp5g0w9j","5f13ea38e764c61a82f38588","abc","2023-06-24-20-41","2023-06-24","full_run",1,193.1529,"Without",4,"First",2077957,"34:37",1262615,"21:2",27,"female","Bachelor",28,3,2.4,4.4,4.8,93,3,3,3,0,1,0,1,0,0,0,0,1,0,1,0,1,0,0,0,1,1,0,0,0,0,1,0,0,0,0,0,0,1,0,69,71,29,27,69,72,8,15
"krveh035","6094af4acc2ca8dd2c6f8edd","abc","2023-06-24-20-38","2023-06-24","full_run",0,185.2444,"Without",4,"First",2183904,"36:23",1319795,"21:59",24,"female","Bachelor",28,3,2.2,3.8,3.6,100,2,0,1,0,0,0,3,0,0,0,0,0,0,0,0,0,0,0,0,0,1,0,0,0,0,0,1,0,0,0,0,0,0,0,59,64,38,61,89,84,15,24
"l7znc5wo","5efcf906346ca111efac889f","abc","2023-06-12-15-48","2023-06-12","full_run",0,184.9032,"Without",4,"First",2245045,"37:25",1263787,"21:3",22,"male","SomeCollege",28,3,4,4.2,5.2,64,2,2,2,1,0,0,3,0,1,0,0,2,1,0,0,0,1,0,0,0,0,1,0,0,0,1,0,1,0,0,0,0,1,0,76,83,0,0,86,87,0,74
"le05ctsx","5d250d243eea32001a079a3b","abc","2023-06-12-18-01","2023-06-12","full_run",0,171.8855,"Without",4,"First",3653373,"60:53",2442032,"40:42",31,"female","SomeCollege",28,3,1,4.2,3.2,100,1,1,0,1,2,1,0,1,0,3,0,1,0,1,0,1,1,0,0,0,0,1,0,1,0,0,0,0,0,0,0,0,0,0,51,50,24,70,51,49,50,50
"lq0zt2wd","57dab7f721d77800018e42fe","abc","2023-06-12-15-40","2023-06-12","full_run",0,193.21,"Without",4,"First",2919568,"48:39",1661945,"27:41",28,"male","SomeCollege",28,3,0.6,2.4,4.8,66,3,1,1,0,0,0,3,1,1,0,0,1,0,0,0,0,0,0,0,0,0,0,0,0,0,0,0,0,0,0,0,1,1,0,75,69,68,63,89,75,22,25
"m0tk4amg","61144cf769b3c8d14cd59755","abc","2023-06-12-15-47","2023-06-12","full_run",0,171.5711,"Without",4,"First",2906586,"48:26",1627611,"27:7",21,"female","SomeCollege",28,3,2.2,3,3.6,60,3,1,4,1,1,1,3,0,0,0,0,2,0,0,0,1,1,1,0,1,1,0,0,0,0,0,1,0,0,0,1,0,0,0,46,45,64,58,58,63,60,58
"m2gt677r","5d269fedf6dec40019b87a59","abc","2023-06-24-20-34","2023-06-24","full_run",1,190.1579,"Without",4,"First",4497248,"74:57",1755479,"29:15",37,"male","Bachelor",28,3,0.6,4.4,2.8,82,2,2,2,0,0,2,2,0,0,0,0,3,0,1,0,1,0,0,0,1,1,0,0,1,0,0,0,1,0,0,0,1,0,0,26,25,13,6,25,25,4,63
"md4w9nhx","5e58888641c3660a306c9c3f","abc","2023-06-12-16-37","2023-06-12","full_run",0,188.937,"Without",4,"First",2728444,"45:28",1545314,"25:45",52,"female","SomeCollege",28,3,1.8,2.6,3.4,76,2,2,2,0,0,3,2,1,0,0,0,2,0,0,0,0,0,1,1,1,0,0,0,0,0,0,0,0,0,0,0,1,0,0,25,25,68,66,89,90,1,0
"mmknp9bd","568d3401b5a2c2000db65f64","abc","2023-06-23-14-11","2023-06-23","full_run",0,191.3893,"Without",4,"First",5624196,"93:44",3049499,"50:49",39,"female","SomeCollege",28,3,2.2,3,2,55,1,2,1,1,0,0,1,1,0,1,0,0,1,0,0,0,0,0,1,0,0,1,0,0,0,1,1,0,0,0,1,1,1,0,74,74,50,38,68,62,26,25
"n8wlajbt","5fa19ab9ab63a72cffb4b521","abc","2023-06-23-14-12","2023-06-23","full_run",0,172.4257,"Without",4,"First",2215071,"36:55",1265289,"21:5",54,"female","HighSchool",28,3,1.2,2,4.4,60,1,1,2,1,1,1,2,0,0,0,0,3,0,0,0,0,1,0,1,0,0,0,0,0,0,1,0,1,0,0,1,0,0,0,66,63,36,32,52,50,4,7
"naxa53zt","63179fe6d8b52834c9c8f5f7","abc","2023-06-25-15-11","2023-06-25","full_run",0,179.5503,"Without",4,"First",1515979,"25:15",902400,"15:2",21,"male","HighSchool",28,3,5,5.4,4,80,2,2,0,0,2,1,1,0,0,0,0,1,0,0,0,0,0,0,0,1,0,0,0,1,0,0,0,0,0,0,0,1,0,0,40,36,71,74,75,100,24,0
"nczwekue","5df4d9120562053642d5690f","abc","2023-06-25-15-24","2023-06-25","full_run",0,175.1233,"Without",4,"First",1788288,"29:48",1122849,"18:42",38,"male","SomeCollege",28,3,1.6,3.4,4.4,69,1,0,2,0,0,0,3,0,0,0,0,1,0,0,0,0,0,0,0,0,0,0,0,0,0,0,0,1,0,0,0,0,1,0,24,27,72,69,26,29,0,0
"nf32x2lg","608b14a312c099ac00b721b6","abc","2023-06-23-16-15","2023-06-23","full_run",0,193.9972,"Without",4,"First",2691232,"44:51",1536940,"25:36",20,"female","SomeCollege",28,3,3.2,3.8,5.4,23,2,2,1,0,1,1,3,0,0,0,0,0,0,0,0,0,0,0,0,0,1,0,0,1,0,0,1,1,0,0,0,0,0,0,62,24,30,13,71,66,1,1
"ntupqwb6","62961c550afbc1e11a77a4f4","abc","2023-06-24-20-37","2023-06-24","full_run",5,173.8972,"Without",4,"First",2330926,"38:50",1765442,"29:25",24,"male","SomeCollege",28,3,4,2.8,2.6,66,1,2,2,1,0,1,3,1,0,1,1,1,0,0,0,0,1,1,0,0,0,0,1,0,0,1,1,1,1,1,1,0,1,1,30,62,18,48,100,93,74,29
"nz424b2c","600e06e28546f25be49539fa","abc","2023-06-26-16-51","2023-06-26","full_run",0,190.1559,"Without",4,"First",4160077,"69:20",2479880,"41:19",37,"male","Master",28,3,4,4,4.6,75,2,0,3,0,0,0,2,0,2,0,0,3,0,0,0,0,1,0,0,0,1,0,1,1,1,0,1,1,1,0,0,0,1,1,70,69,27,26,70,64,0,20
"o7czn20k","5f2a12f5837dd81e5881b7cc","abc","2023-06-24-22-45","2023-06-24","full_run",0,194.422,"Without",4,"First",2719397,"45:19",1486936,"24:46",44,"male","SomeCollege",28,3,1,3.8,1.6,97,3,3,2,1,0,0,3,3,0,2,0,3,0,0,0,0,1,0,1,1,1,1,0,1,0,0,0,0,0,0,0,1,1,0,44,59,3,0,93,100,0,47
"o7ve545n","62dc94647a3840f6289d68d4","abc","2023-06-25-15-26","2023-06-25","full_run",0,183.6517,"Without",4,"First",2376955,"39:36",1232916,"20:32",36,"male","HighSchool",28,3,2.6,4,5,74,1,1,1,0,0,0,2,1,1,1,0,1,0,0,0,0,0,0,0,0,0,0,0,0,0,0,0,1,0,0,0,1,1,0,50,43,37,22,57,57,24,50
"oh59rujj","5dae25fc2e361800135fbd02","abc","2023-06-26-16-32","2023-06-26","full_run",0,177.4331,"Without",4,"First",5900693,"98:20",4908647,"81:48",61,"female","Master",28,3,2.4,3.4,3.6,70,2,2,3,0,0,1,1,0,0,0,0,1,0,0,0,0,0,1,1,0,1,1,0,0,0,0,0,1,0,0,0,1,0,0,76,64,54,45,62,59,74,71
"oovk5u7v","628d114b1acd87ea1b37874e","abc","2023-06-06-17-23","2023-06-06","full_run",1,183.8012,"Without",4,"First",2026028,"33:46",902755,"15:2",29,"male","SomeCollege",28,3,2,3,5.2,85,2,2,3,1,1,1,3,2,3,0,0,3,0,1,1,1,0,1,0,1,1,0,1,1,1,1,1,1,0,0,0,1,1,0,84,84,37,25,85,86,6,7
"oqkd9cw6","62a1ed3d1357f3e033ae44f9","abc","2023-06-22-19-17","2023-06-22","full_run",0,187.1418,"Without",4,"First",2348921,"39:8",1251586,"20:51",23,"male","Bachelor",28,3,1.2,2.4,4.8,77,2,1,2,1,1,1,3,0,0,1,1,2,0,0,0,0,0,1,0,0,1,0,0,1,0,1,1,1,0,0,1,1,1,0,81,72,59,56,76,72,25,24
"p5ehl1jp","6130cdbb53f773b3125576a7","abc","2023-06-12-15-59","2023-06-12","full_run",0,172.2224,"Without",4,"First",3643829,"60:43",2114930,"35:14",67,"male","HighSchool",28,3,1.8,4.2,5.6,100,1,1,0,3,1,1,0,0,0,0,0,3,0,1,0,1,1,1,0,0,0,0,0,0,0,1,0,0,0,0,0,0,0,0,59,67,50,52,50,50,50,54
"pje27l95","610f0a65e39ea57ec04adec5","abc","2023-06-23-18-04","2023-06-23","full_run",6,174.0347,"Without",4,"First",2200026,"36:40",1398096,"23:18",31,"female","HighSchool",28,2,4.8,4.4,4,69,4,4,4,3,2,3,3,3,3,3,3,3,2,1,0,1,1,1,1,1,0,0,0,0,1,1,1,1,1,1,1,1,0,0,100,100,100,100,100,100,100,100
"psjhtf8a","58595b56a3149800011e156e","abc","2023-06-26-18-45","2023-06-26","full_run",0,172.9969,"Without",4,"First",1764839,"29:24",977485,"16:17",52,"female","HighSchool",28,3,1.8,1.8,5,13,1,0,1,1,1,1,2,1,1,2,1,1,0,0,0,0,0,1,0,0,0,1,0,0,0,0,0,0,0,0,0,1,1,0,77,87,76,80,78,80,1,2
"pt4fljw4","61105071fe05cd89830dcc43","abc","2023-06-24-20-35","2023-06-24","full_run",0,191.4366,"Without",4,"First",3477309,"57:57",1918361,"31:58",22,"other","Bachelor",28,3,3.8,2.8,4.2,16,2,1,2,0,0,0,3,0,0,0,0,0,0,0,0,0,0,0,0,0,0,0,0,0,0,0,0,1,0,0,1,1,0,0,89,85,48,48,51,50,0,0
"q07kucsw","613135f6ddd68fe7f6a4c181","abc","2023-06-26-16-33","2023-06-26","full_run",0,192.3958,"Without",4,"First",2721033,"45:21",1130287,"18:50",24,"female","Master",28,3,2.4,3.2,5.2,100,2,2,2,0,0,0,3,2,1,1,0,3,0,0,0,0,0,0,0,0,1,0,0,1,1,1,1,0,0,0,1,0,0,0,24,30,68,61,40,44,0,0
"q3b77d83","5f5eb22e58c9fb7782a6e90c","abc","2023-06-12-16-14","2023-06-12","full_run",0,184.6008,"Without",4,"First",3071216,"51:11",1569403,"26:9",57,"male","Bachelor",28,3,1.8,3.6,4.8,50,1,0,1,0,0,0,2,0,0,1,0,1,0,0,0,0,0,0,0,0,0,1,0,0,0,0,0,0,0,0,1,1,1,0,100,100,40,26,75,50,8,6
"q50cay2n","5ed96b216cd601153c1882f0","abc","2023-06-24-20-34","2023-06-24","full_run",0,184.7035,"Without",4,"First",2647633,"44:7",1405897,"23:25",37,"male","HighSchool",28,3,3,4.2,4.8,97,2,1,1,1,1,2,3,2,1,0,0,1,0,1,0,0,0,0,1,0,0,0,0,0,0,0,1,1,0,0,0,1,1,0,84,88,42,50,73,71,1,9
"qawx8nb2","63b7663b1d5844877e852ea7","abc","2023-06-22-19-14","2023-06-22","full_run",0,175.8235,"Without",4,"First",3878278,"64:38",1659584,"27:39",22,"female","SomeCollege",28,3,2.4,5,5.2,74,1,1,2,0,0,1,3,0,0,1,0,1,0,0,0,0,0,0,0,1,0,0,0,0,0,1,0,0,0,0,0,0,0,0,77,90,20,0,72,76,73,64
"qe5e38dy","603ae163f21b736f470992bd","abc","2023-06-24-20-32","2023-06-24","full_run",1,175.4665,"Without",4,"First",1785332,"29:45",830339,"13:50",20,"female","HighSchool",28,3,3,4.6,5.4,78,2,2,1,0,0,0,1,0,0,1,0,3,0,0,0,0,0,0,0,0,1,0,0,1,1,1,1,1,0,1,1,1,1,0,100,76,75,50,50,50,25,25
"qqsdhoaq","5f920aa80a785011ef6906e3","abc","2023-06-23-18-02","2023-06-23","full_run",1,185.6418,"Without",4,"First",3202303,"53:22",2081827,"34:41",34,"male","SomeCollege",28,3,5.8,4,5.6,100,3,1,2,1,1,1,3,3,0,2,0,3,0,1,0,0,1,0,0,0,1,1,1,1,1,1,0,0,0,1,1,1,1,0,0,22,0,0,70,76,0,0
"rovbg9xl","62d3206140b01ddb27268dd2","abc","2023-06-24-20-32","2023-06-24","full_run",0,192.7007,"Without",4,"First",2510374,"41:50",1540693,"25:40",41,"male","Bachelor",28,3,1.2,2.6,5.2,28,2,2,2,0,0,0,1,0,0,1,0,1,0,0,0,0,0,0,0,0,0,1,1,1,0,1,1,0,0,0,0,0,0,0,63,71,37,19,76,75,10,23
"rufsfloj","63ba10de73415d047e1d6731","abc","2023-06-23-14-08","2023-06-23","full_run",0,187.6145,"Without",4,"First",3256052,"54:16",1846408,"30:46",49,"female","Bachelor",28,3,3.8,4.2,4.8,85,1,2,1,2,2,1,1,0,0,0,0,1,1,0,0,1,0,1,0,0,0,0,0,0,0,1,1,1,0,1,1,1,1,0,82,67,56,54,75,69,15,8
"s7h1nzq6","5c1c74700036a80001193c24","abc","2023-06-24-20-42","2023-06-24","full_run",1,173.667,"Without",4,"First",4156625,"69:16",1110842,"18:30",35,"female","SomeCollege",28,3,0.8,3.4,4.6,89,1,1,1,0,0,0,2,1,1,2,0,3,0,1,0,0,1,0,0,0,0,1,0,0,0,0,0,1,0,0,0,0,1,0,86,70,73,49,73,74,73,49
"sq2sz1m1","61127edae420c460b6e45aa0","abc","2023-06-22-19-02","2023-06-22","full_run",0,192.3379,"Without",4,"First",3687608,"61:27",1724736,"28:44",40,"female","Bachelor",28,3,1.6,3.2,4,20,2,2,1,0,0,1,0,0,0,2,0,1,0,0,0,0,0,0,0,0,0,1,0,0,0,0,0,1,0,0,0,0,1,0,75,74,25,0,63,75,0,42
"sz9bwmfe","5f7e235793c5e10cba3bbb4d","abc","2023-06-22-19-20","2023-06-22","full_run",0,177.862,"Without",4,"First",3665427,"61:5",2250781,"37:30",59,"female","Bachelor",28,3,1,2.4,4.2,15,1,1,1,1,1,1,2,1,1,0,0,1,1,0,0,0,0,1,0,0,0,0,0,0,0,0,0,1,0,0,0,0,0,0,69,65,29,25,75,75,9,0
"t0omdjhl","63d40e2ebf8618778fa289f9","abc","2023-06-25-16-13","2023-06-25","full_run",0,188.1794,"Without",4,"First",2461648,"41:1",1462633,"24:22",42,"female","Bachelor",28,3,1.2,3.2,3.2,20,1,1,1,0,0,0,2,0,0,0,0,0,0,0,0,0,0,0,0,0,1,0,0,1,0,1,0,0,0,0,0,0,0,0,50,66,24,29,76,74,25,19
"udpk2omf","648bc27efabf8d80521cafc1","abc","2023-06-25-15-17","2023-06-25","full_run",3,155.9597,"Without",4,"First",4674122,"77:54",2317174,"38:37",61,"female","Bachelor",28,3,2,4.2,4,64,1,2,2,3,3,3,3,0,0,3,2,3,1,0,0,0,1,0,0,0,1,0,1,0,0,1,1,0,1,1,1,1,0,0,75,76,61,60,80,76,75,76
"uw3x4axw","5b26da1934ffd00001b45d8d","abc","2023-06-23-17-55","2023-06-23","full_run",0,182.5761,"Without",4,"First",4158734,"69:18",1409586,"23:29",38,"male","Bachelor",28,3,0,1.4,6,54,3,3,3,2,2,2,0,0,0,2,3,2,3,0,0,0,1,0,0,0,1,0,1,1,0,0,0,1,0,0,0,0,0,0,60,61,41,42,81,80,0,0
"vek3ksp9","5f5848bad298df3b59ffcd12","abc","2023-06-12-16-10","2023-06-12","full_run",0,173.9318,"Without",4,"First",2444470,"40:44",1247573,"20:47",35,"female","Bachelor",28,3,2,3.8,4.8,26,2,2,1,1,1,1,3,0,0,0,0,2,0,1,0,1,1,0,0,1,1,1,1,1,1,1,1,0,0,0,1,0,0,0,50,50,60,27,75,77,0,0
"vezaobqf","566a1d697da0350005b39de3","abc","2023-06-23-18-05","2023-06-23","full_run",0,192.2478,"Without",4,"First",2765710,"46:5",1646527,"27:26",66,"male","Master",28,3,0.2,2,4,17,2,2,0,3,0,1,0,0,0,0,0,0,0,0,0,0,0,1,0,0,0,0,0,0,0,0,0,0,0,0,0,0,0,0,14,13,25,25,63,85,0,0
"vlbgtrd6","64048e346a45d078131b49df","abc","2023-06-24-20-29","2023-06-24","full_run",3,117.9965,"Without",4,"First",3352784,"55:52",1514474,"25:14",78,"male","Master",28,3,3,3.8,3.6,100,2,2,3,2,1,1,3,1,0,1,0,3,0,0,0,1,1,0,0,0,0,0,0,0,1,1,0,1,0,0,0,0,0,0,100,75,75,76,50,74,50,36
"vv8nv2rl","610c59ee34cc312d7ca55e45","abc","2023-06-22-19-27","2023-06-22","full_run",0,186.1101,"Without",4,"First",6698628,"111:38",3576409,"59:36",27,"female","Bachelor",28,3,1.4,2.8,4,79,1,2,2,0,1,0,2,1,0,2,1,1,0,1,0,0,1,0,0,1,0,0,0,1,0,1,1,0,0,0,1,0,0,0,69,70,48,50,73,73,12,44
"wjur09u7","647a79f26a3a291e6d70130d","abc","2023-06-22-21-30","2023-06-22","full_run",4,136.3836,"Without",4,"First",1986558,"33:6",1248040,"20:48",40,"male","Bachelor",28,3,0,2,5,100,1,2,2,1,1,2,2,1,1,1,1,1,1,1,0,0,1,1,0,0,0,0,0,0,0,1,1,1,1,0,1,1,0,0,77,78,94,100,100,100,100,100
"wqp4kgnn","5f4966420471864c5533666f","abc","2023-06-24-20-16","2023-06-24","full_run",0,193.3263,"Without",4,"First",2220782,"37:0",1298937,"21:38",21,"male","NoHighSchool",28,3,1,3.2,5.2,84,1,1,2,0,0,0,1,1,0,0,0,0,0,0,0,0,0,0,0,0,0,0,0,0,0,0,0,0,0,0,0,1,0,0,26,64,0,25,62,71,0,83
"wu163rh7","5e4c6b5f60c37d0cb9df947c","abc","2023-06-23-16-15","2023-06-23","full_run",0,188.1268,"Without",4,"First",2153543,"35:53",1559811,"25:59",42,"male","Bachelor",28,3,1,3.8,3.2,94,3,2,1,0,0,0,3,0,0,1,0,3,0,0,0,0,0,0,0,0,0,1,0,1,0,0,0,0,0,0,0,0,1,0,36,0,18,14,95,93,0,0
"x6f4bju0","5be8fd6925507300010dddae","abc","2023-06-26-16-26","2023-06-26","full_run",1,174,"Without",4,"First",2363501,"39:23",1334123,"22:14",31,"female","SomeCollege",28,3,0.8,3,5.6,100,0,0,1,0,0,0,3,0,0,0,0,0,0,0,0,0,1,0,0,0,0,0,0,0,0,1,1,0,0,0,1,1,1,0,75,75,50,50,75,75,23,24
"xet6subk","5e533e9d1ffa373595a2bcfb","abc","2023-06-23-14-08","2023-06-23","full_run",1,188.0914,"Without",4,"First",2174379,"36:14",1295542,"21:35",32,"male","Bachelor",28,3,1.6,2.8,5.2,14,2,2,3,0,0,0,3,0,0,0,0,1,0,0,0,0,0,0,1,0,0,0,0,1,0,0,0,1,0,0,0,0,1,0,71,67,41,40,75,72,13,13
"xur20ox7","636168a962acef1f1f1cc4ce","abc","2023-06-22-19-07","2023-06-22","full_run",0,186.8805,"Without",4,"First",1713021,"28:33",1134318,"18:54",38,"female","Master",28,3,0.8,3.2,3.4,36,2,1,1,0,0,0,3,0,0,0,0,1,0,0,0,0,0,0,0,0,1,0,0,0,0,0,0,1,0,0,0,1,1,0,75,76,62,61,69,70,0,0
"xxtddo3m","5bee108b6f2d54000198e0c6","abc","2023-06-24-20-42","2023-06-24","full_run",0,184.5151,"Without",4,"First",2158785,"35:58",1018142,"16:58",51,"male","SomeCollege",28,3,2.6,3.6,4.2,50,1,1,1,0,0,0,0,1,1,0,0,1,0,0,0,0,0,0,0,0,0,0,0,0,0,0,0,0,0,0,0,0,0,0,24,25,25,24,23,24,25,25
"y5fg4r0r","5658f4787d69570012dfe2d1","abc","2023-06-22-19-01","2023-06-22","full_run",0,181.6621,"Without",4,"First",2468126,"41:8",1360984,"22:40",47,"female","Bachelor",28,3,3.6,1.8,4.8,34,1,2,1,1,2,2,2,0,0,0,0,2,0,0,0,1,0,1,0,0,0,0,0,0,0,1,0,0,0,0,0,1,0,0,89,94,43,45,82,83,12,13
"yg4kx7h7","60fdf18884991b2263f75eec","abc","2023-06-24-20-32","2023-06-24","full_run",1,165.4715,"Without",4,"First",1785926,"29:45",1052483,"17:32",22,"female","SomeCollege",28,3,5.4,3.4,5.2,77,1,3,2,3,3,1,3,0,0,0,0,1,0,1,0,0,0,0,0,1,1,0,0,0,0,1,0,1,0,0,1,1,1,0,50,37,62,50,77,51,0,100
"ynx5yx4t","5dd0749782569a156ed4f658","abc","2023-06-23-17-50","2023-06-23","full_run",0,187.5958,"Without",4,"First",1732605,"28:52",953501,"15:53",29,"male","Bachelor",28,3,1.4,4.2,3.8,70,1,1,1,0,1,1,2,0,0,0,1,2,0,1,0,1,0,0,0,1,0,1,0,0,1,1,1,0,0,0,0,0,0,0,77,76,74,74,100,100,25,75
"yuujulja","5d4bed118cbe900016c1f6d0","abc","2023-06-25-21-02","2023-06-25","full_run",0,184.9855,"Without",4,"First",2432215,"40:32",1365461,"22:45",31,"male","Bachelor",28,3,1,1.4,5.2,77,1,1,2,0,0,1,3,1,1,0,0,0,0,0,0,0,1,0,1,0,0,0,0,0,0,0,1,1,0,0,0,1,1,0,57,54,48,34,65,59,6,0
"z5vs6sop","57a6d7fac6144900014a47e7","abc","2023-06-25-15-21","2023-06-25","full_run",2,172.3336,"Without",4,"First",2648471,"44:8",1558548,"25:58",62,"female","SomeCollege",28,3,2,4,3.6,100,0,0,1,0,0,0,2,0,0,0,0,1,0,0,0,0,0,0,0,0,0,0,0,0,0,1,0,1,0,0,0,1,0,0,75,50,24,23,75,85,49,49
"z87hfwv7","6154940e788774dc9a1ec182","abc","2023-06-23-17-58","2023-06-23","full_run",2,188.0638,"Without",4,"First",6082444,"101:22",957302,"15:57",21,"female","Bachelor",28,3,1.4,2.2,4.8,87,2,1,1,0,0,0,1,0,0,0,0,1,0,0,0,0,0,0,0,1,1,1,0,0,0,0,0,1,0,0,1,0,0,0,23,25,25,24,53,63,1,72
"zehb9arf","6352b3c968388ef86f3556db","abc","2023-06-22-19-15","2023-06-22","full_run",0,175.0471,"Without",4,"First",1722872,"28:42",1062221,"17:42",23,"male","Bachelor",28,3,1.8,3.8,4.2,64,2,1,1,1,1,0,2,0,0,0,0,2,0,0,0,0,1,1,1,0,1,0,0,1,0,1,1,1,0,1,1,1,1,0,40,38,37,38,72,83,4,0
"zg8wehcs","61014855d7af243b1dfef7e2","abc","2023-06-23-14-24","2023-06-23","full_run",0,178.8597,"Without",4,"First",2549940,"42:29",1589600,"26:29",25,"female","SomeCollege",28,3,0.4,5,2.8,81,1,1,1,0,0,1,3,0,0,1,0,2,1,0,0,0,0,0,0,0,1,0,1,1,0,1,1,1,0,0,1,1,0,0,14,25,50,43,74,71,23,28
"zjxxg1qs","63f549bef0cbe0eb9262249e","abc","2023-06-26-16-21","2023-06-26","full_run",1,177.7494,"Without",4,"First",2221121,"37:1",1230918,"20:30",51,"female","Master",28,3,1.4,4.2,4.2,75,1,1,2,0,0,1,3,1,0,0,0,0,0,0,0,0,0,0,0,0,0,0,0,0,0,0,1,0,0,0,0,0,0,0,27,67,25,68,24,72,4,24
"ztdm09e0","647fb4b45abf72fc35ad7855","abc","2023-06-23-14-38","2023-06-23","full_run",0,184.3105,"Without",4,"First",2676781,"44:36",1289049,"21:29",48,"male","SomeCollege",28,3,1.8,4.2,4.2,68,2,1,2,0,0,1,3,0,2,0,0,3,0,0,0,0,0,0,0,0,0,0,0,0,0,1,0,0,0,0,0,0,1,0,58,50,25,50,75,75,0,23
"zvxjp5uj","63ff70394f575c66d6c1c9a3","abc","2023-06-25-21-06","2023-06-25","full_run",3,162.3721,"Without",4,"First",4994631,"83:14",3151420,"52:31",50,"male","Bachelor",28,3,2,4,3.8,92,1,1,0,3,3,0,2,0,0,3,0,1,0,0,0,0,0,1,0,0,0,0,0,0,0,0,0,0,0,0,0,0,0,0,74,82,66,76,61,72,60,61
"098ba6vj","5d01b9d4c9281200151c7c6b","abc","2023-04-24-17-29","2023-04-24","full_run",0,88.445,"With",4,"First",1110455,"18:30",458103,"7:38",28,"female","Bachelor",28,3,1.8,3.2,3.6,50,1,1,1,0,0,0,1,0,0,0,0,1,0,0,0,0,0,0,0,0,0,0,0,0,0,0,0,1,0,0,0,1,1,0,48,49,2,4,99,99,0,0
"0p8dfxsx","5f4000a47ed89c0e7f2e3760","abc","2023-04-17-20-13","2023-04-17","full_run",0,91.5428,"With",4,"First",1761870,"29:21",933085,"15:33",33,"male","SomeCollege",28,3,0.6,3.6,4.4,40,0,0,0,0,0,0,1,1,0,0,0,0,0,0,0,0,0,0,0,0,0,0,0,0,0,1,0,1,0,0,0,1,0,0,68,76,0,0,100,100,0,0
"0v582u1x","5d2c030eb3efb1001b7e4989","abc","2023-04-24-17-39","2023-04-24","full_run",0,89.8167,"With",4,"First",4088005,"68:8",3182647,"53:2",49,"female","SomeCollege",28,3,1.2,2.8,4.4,10,0,0,0,0,0,0,1,0,0,0,0,0,0,0,0,0,0,0,0,0,0,0,0,0,0,0,0,0,0,0,0,0,0,0,25,72,2,3,75,76,49,50
"18f9dq22","5f3227893ca51916b4ff6d9d","abc","2023-04-17-20-36","2023-04-17","full_run",1,81.269,"With",4,"First",2917705,"48:37",867410,"14:27",33,"female","Bachelor",28,3,1.6,3.4,3.2,4,2,1,0,0,1,0,3,0,0,0,0,1,0,0,0,0,0,0,0,0,0,1,0,0,0,0,0,0,0,0,0,1,1,0,50,25,25,24,87,75,97,91
"1dyrl1uf","614d465852620924f85603c8","abc","2023-04-24-19-48","2023-04-24","full_run",0,93.3548,"With",4,"First",3421088,"57:1",954830,"15:54",36,"female","SomeCollege",28,3,1.8,3.4,5.8,93,3,3,2,0,0,0,1,0,0,1,0,2,0,0,0,0,0,0,0,0,0,0,0,0,0,1,0,0,0,0,0,1,0,0,75,66,2,4,99,99,6,63
"1gw8p2et","5f3ac1732efa0a74f975b1a8","abc","2023-04-24-19-48","2023-04-24","full_run",0,73.4076,"With",4,"First",2365924,"39:25",1178089,"19:38",28,"female","HighSchool",28,3,0.4,3,3.6,72,2,2,0,1,1,0,0,0,0,0,0,3,0,0,0,1,0,0,0,0,1,0,0,0,0,0,0,0,0,0,0,0,0,0,46,72,0,0,75,100,0,24
"1nmj9t5e","5e535a49ac9ed13700f62def","abc","2023-04-17-20-45","2023-04-17","full_run",0,74.6541,"With",4,"First",5585639,"93:5",1687267,"28:7",35,"female","HighSchool",28,3,2.2,3.4,3.6,79,2,2,2,1,1,2,2,2,0,0,1,2,1,0,0,0,0,1,0,0,1,0,1,0,1,1,0,1,0,0,0,1,0,0,55,56,53,50,56,58,57,58
"291s3y34","570521cfde5095001018a0c8","abc","2023-04-18-16-39","2023-04-18","full_run",0,92.2328,"With",4,"First",1527107,"25:27",677308,"11:17",52,"male","Bachelor",28,3,1.2,2.8,3.4,25,2,2,2,0,0,0,1,0,0,0,0,3,0,0,0,0,0,0,0,0,1,0,0,1,0,0,0,0,0,0,0,1,0,0,59,54,5,0,100,100,14,5
"3aw6ekb6","5d88db42c1d06e001a1fdcab","abc","2023-04-21-15-48","2023-04-21","full_run",0,88.4689999999999,"With",4,"First",1849949,"30:49",1123616,"18:43",48,"female","Bachelor",28,3,1.2,2.2,4.6,37,2,2,1,3,3,2,3,2,2,1,1,3,1,0,0,0,0,1,0,0,0,0,1,0,0,1,0,1,0,0,0,1,0,0,55,41,59,53,91,89,5,6
"3dauepxj","5eb5f6d5e38e9f4e6c8dde3f","abc","2023-04-22-21-39","2023-04-22","full_run",0,90.4401,"With",4,"First",2831388,"47:11",948397,"15:48",24,"female","Bachelor",28,3,3,2.4,5.8,27,4,4,4,3,2,3,3,1,0,0,1,3,2,0,0,0,1,0,0,0,1,1,0,0,0,1,1,1,0,1,1,1,0,0,100,100,3,9,84,90,0,0
"3g586t5p","615d051e2366aeb051acb734","abc","2023-04-19-22-02","2023-04-19","full_run",0,92.2328999999999,"With",4,"First",1473419,"24:33",482706,"8:2",31,"female","Master",28,3,1.6,3.8,2.4,73,2,2,1,2,2,0,3,0,1,0,0,1,0,0,0,0,1,0,0,1,0,0,0,0,0,0,0,1,0,0,0,0,0,0,65,90,42,61,92,100,28,74
"3s0pfbm9","601b9077694f034f0092dd8f","abc","2023-04-24-17-38","2023-04-24","full_run",0,82.105,"With",4,"First",1492286,"24:52",699075,"11:39",35,"female","SomeCollege",28,3,0.6,2,5.4,89,2,2,1,0,0,0,1,1,0,0,0,2,0,0,0,0,1,0,1,0,1,1,1,1,0,0,0,0,0,0,0,0,1,0,24,25,0,0,75,75,0,0
"3v0oh9e0","5f63a30a09bd340c84c6688d","abc","2023-04-21-15-48","2023-04-21","full_run",1,75.9861,"With",4,"First",2798080,"46:38",697659,"11:37",44,"female","SomeCollege",28,3,1.6,4.4,4.6,36,0,0,1,0,0,0,1,1,0,0,0,0,0,0,0,0,0,0,0,0,0,0,0,0,0,0,0,1,0,0,0,0,1,0,67,76,39,57,83,73,0,100
"4fhclpht","5f6e36c7f042f033d0f97bc1","abc","2023-04-19-22-03","2023-04-19","full_run",0,93.0623,"With",4,"First",1383345,"23:3",760138,"12:40",31,"male","SomeCollege",28,3,1.2,3,4.6,57,0,0,1,0,0,0,1,0,0,0,0,1,0,0,0,0,0,0,0,0,0,0,0,0,0,0,0,0,0,0,0,1,1,0,50,50,0,0,87,100,0,76
"4npept6m","63f78d9a7a3d118594efff74","abc","2023-04-21-15-49","2023-04-21","full_run",1,91.9491,"With",4,"First",1697137,"28:17",530794,"8:50",30,"male","SomeCollege",28,3,3.8,3.6,5.4,38,1,1,0,1,1,1,3,2,1,0,0,1,0,0,0,0,0,0,1,0,0,0,0,0,0,0,0,1,0,0,1,1,1,0,96,91,9,23,56,76,1,76
"4o5tm4u7","62c63c653a49b220cb390bdb","abc","2023-04-17-20-39","2023-04-17","full_run",1,84.2514,"With",4,"First",2265105,"37:45",965607,"16:5",63,"female","SomeCollege",28,3,2,4.6,4.2,100,0,2,0,1,0,1,1,0,0,1,0,1,0,0,0,0,0,0,0,0,0,0,0,0,0,1,0,0,1,0,0,1,0,0,24,24,50,49,50,50,0,0
"565sx8x5","5bea832a4fbb6f00017ea3e9","abc","2023-04-19-22-06","2023-04-19","full_run",0,92.1124999999999,"With",4,"First",1344580,"22:24",596449,"9:56",36,"male","HighSchool",28,3,0.4,5.2,3,91,0,0,1,0,0,0,3,2,1,0,0,2,0,0,0,0,0,0,0,0,0,0,0,0,0,0,0,1,0,0,0,1,1,0,26,23,3,1,82,85,0,0
"573lgokw","632890876b6124c7a15d06f6","abc","2023-04-24-19-58","2023-04-24","full_run",0,91.9428,"With",4,"First",1689508,"28:9",1134458,"18:54",28,"female","Master",28,3,0.6,3,3.6,38,2,1,1,0,0,0,3,3,0,2,0,1,0,0,0,0,0,0,0,0,1,1,1,1,0,0,0,0,0,0,0,1,1,0,87,86,14,33,85,79,9,18
"5fyaccub","63d152b604e8c21933a58a66","abc","2023-04-23-18-12","2023-04-23","full_run",0,90.7488,"With",4,"First",1461247,"24:21",505293,"8:25",32,"male","Bachelor",28,3,0.4,3.6,4.8,69,1,0,1,0,0,0,3,0,0,0,0,0,0,0,0,0,0,0,0,0,0,0,0,0,0,0,0,0,0,0,0,1,1,0,85,88,4,7,93,94,0,75
"5quhaxf6","63f77b2aa0d776f479dad4e8","abc","2023-04-21-15-49","2023-04-21","full_run",0,86.2322,"With",4,"First",2384148,"39:44",1438102,"23:58",22,"male","SomeCollege",28,3,1.8,6,3,90,2,1,3,0,0,0,3,2,1,0,0,2,0,0,0,0,0,0,0,0,1,0,1,1,0,0,1,1,0,0,0,1,1,0,75,100,0,77,100,100,0,77
"70umq1tk","615df1b1d27e6932fca18dfa","abc","2023-04-18-16-39","2023-04-18","full_run",0,90.2937,"With",4,"First",1973258,"32:53",918653,"15:18",50,"male","Bachelor",28,3,1.4,4.2,2.4,65,2,2,1,0,1,1,3,2,0,1,0,2,0,1,0,0,0,1,1,0,1,0,1,0,0,0,0,1,0,0,0,1,0,0,28,74,50,72,74,74,2,74
"74crp9wo","6400e97854fc56890d3f34c9","abc","2023-04-14-14-03","2023-04-14","full_run",2,79.7716,"With",4,"First",655644,"10:55",361536,"6:1",24,"male","SomeCollege",28,3,5.6,3.6,4.6,81,1,1,3,0,0,1,2,3,2,2,0,2,1,0,0,0,0,0,0,0,1,0,1,1,0,1,1,1,1,1,1,1,1,0,77,78,89,72,79,81,88,77
"7dpjpup9","5f6f738fef894f0dbf9839f8","abc","2023-04-22-21-38","2023-04-22","full_run",0,89.1499,"With",4,"First",4572612,"76:12",549712,"9:9",33,"male","Master",28,3,0.4,2.8,5.2,88,1,1,0,3,3,2,3,2,2,2,1,3,0,1,0,1,1,1,0,1,1,1,1,1,0,1,1,1,0,0,0,1,1,0,59,56,64,66,66,74,9,20
"7xqg519y","58e558cc728bea0001bbda24","abc","2023-04-24-19-47","2023-04-24","full_run",0,80.7635,"With",4,"First",1439928,"23:59",711311,"11:51",65,"female","HighSchool",28,3,1.8,2,4.8,72,1,1,1,0,3,3,0,1,0,0,0,0,0,1,0,0,0,0,0,0,0,0,0,0,0,0,0,0,0,0,0,1,0,0,68,74,26,31,84,90,20,73
"8b0yum1e","59cc9fef21454d000194c43c","abc","2023-04-24-17-28","2023-04-24","full_run",0,88.3998,"With",4,"First",2124989,"35:24",842017,"14:2",46,"female","SomeCollege",28,3,2.6,3.2,5,100,1,1,2,0,1,0,2,1,0,0,0,1,0,0,0,0,0,0,0,0,0,0,0,0,0,0,0,0,0,0,0,1,0,0,86,84,0,0,94,92,0,5
"8onp4gvp","5f8cbc5c355ea745e6cef2ca","abc","2023-04-19-22-09","2023-04-19","full_run",0,84,"With",4,"First",1442392,"24:2",707545,"11:47",38,"female","SomeCollege",28,3,2,3.6,3.8,40,2,1,1,0,0,0,2,0,0,1,0,2,0,0,0,0,0,0,0,0,1,1,0,1,0,0,0,0,0,0,0,0,1,0,51,49,15,11,84,76,0,100
"919esjvr","63efbfe458f4c3eb5af7f703","abc","2023-04-24-17-09","2023-04-24","full_run",0,78.7804,"With",4,"First",971034,"16:11",544457,"9:4",51,"female","Bachelor",28,3,1.8,4,4.6,97,1,0,0,0,0,0,0,0,0,0,0,3,0,0,0,0,1,0,0,0,0,0,1,0,0,0,0,0,0,0,0,0,1,0,21,34,0,0,98,76,24,49
"9ojumkqm","5fdfb7d6e1442280fc095a66","abc","2023-04-23-18-04","2023-04-23","full_run",0,87.4595,"With",4,"First",3187313,"53:7",911389,"15:11",31,"male","Bachelor",28,3,2.4,4.4,3.4,86,0,0,0,0,0,2,0,0,0,1,1,2,0,0,0,0,0,0,0,0,0,0,0,0,0,0,0,0,0,0,0,1,1,0,6,20,2,12,86,88,26,43
"9uledqxn","63322af704df5a6df504f985","abc","2023-04-17-20-24","2023-04-17","full_run",0,86.8914,"With",4,"First",2592281,"43:12",688024,"11:28",50,"male","HighSchool",28,3,1.4,2,6,16,2,2,2,1,1,1,3,0,0,0,0,3,1,1,0,1,1,1,1,1,1,1,1,1,1,1,0,0,0,0,0,1,1,0,0,70,0,0,100,100,0,74
"a050vw1d","62bdc30224534809032cf056","abc","2023-04-23-18-04","2023-04-23","full_run",0,90.3191,"With",4,"First",1358881,"22:38",781203,"13:1",32,"male","Bachelor",28,3,0.6,2.4,3.6,17,3,1,1,0,0,1,3,3,0,1,0,3,0,0,0,0,0,0,0,0,1,1,0,0,0,0,0,1,0,0,0,1,1,0,100,100,25,0,100,100,0,100
"a21psf9z","641351c9058c0f951d9660ee","abc","2023-04-23-19-02","2023-04-23","full_run",0,92.0114,"With",4,"First",1260508,"21:0",582141,"9:42",28,"male","SomeCollege",28,3,0,4.6,3.8,74,1,1,1,0,0,0,3,0,0,0,0,1,0,0,0,0,1,0,1,0,0,0,0,0,0,0,0,1,0,0,1,1,1,0,75,76,0,0,74,77,26,76
"a2juvku1","55ea70c37480920010aa9982","abc","2023-04-18-16-52","2023-04-18","full_run",0,93.6471,"With",4,"First",1573148,"26:13",816547,"13:36",35,"male","SomeCollege",28,3,0.6,2.6,1.6,67,2,2,2,1,1,1,3,0,0,1,0,3,0,0,0,1,0,0,0,0,0,1,0,0,0,0,0,1,0,0,0,1,0,0,28,42,6,23,79,67,24,25
"a46wwr88","582c71a66ef28c00019a1068","abc","2023-04-18-16-55","2023-04-18","full_run",0,89.3625,"With",4,"First",2804402,"46:44",674016,"11:14",34,"male","HighSchool",28,3,1.6,2.4,3.4,57,1,1,1,0,0,0,2,1,0,1,0,1,0,0,0,0,0,0,1,0,0,1,1,1,0,0,0,0,0,0,0,1,1,0,98,100,37,28,81,89,0,0
"am985rgq","5c07046396378a000119561f","abc","2023-04-18-16-39","2023-04-18","full_run",0,89.1405,"With",4,"First",2445196,"40:45",1840995,"30:40",55,"male","Bachelor",28,3,1.2,4.6,1.4,94,1,1,1,1,0,0,3,3,1,0,2,2,0,0,0,0,0,1,0,0,0,0,0,0,0,0,0,0,0,0,0,1,0,0,23,0,24,21,73,74,1,0
"b2u6r871","63d7df9884f0b6ee095aada3","abc","2023-04-18-16-46","2023-04-18","full_run",1,88.3078999999999,"With",4,"First",1445453,"24:5",657523,"10:57",31,"male","HighSchool",28,3,2.8,4.2,3.4,27,1,0,3,0,0,0,2,3,0,0,0,2,0,0,0,0,1,1,0,0,1,0,0,1,0,1,1,1,0,0,0,0,1,0,58,58,20,27,93,93,64,42
"b6eqjh4j","5c91c693765dad0016f8495c","abc","2023-04-17-20-34","2023-04-17","full_run",0,89.2632,"With",4,"First",2631560,"43:51",1246327,"20:46",45,"male","Bachelor",28,3,0.8,2.2,4,30,2,2,1,0,0,0,1,0,0,3,0,3,1,1,0,1,1,0,1,1,1,1,0,1,0,0,0,0,0,0,0,1,1,0,28,59,54,45,56,72,27,26
"b6ofpl7r","582627e157062600014023a1","abc","2023-04-18-16-39","2023-04-18","full_run",0,81.22,"With",4,"First",1898944,"31:38",924510,"15:24",36,"male","Bachelor",28,3,1.6,2.8,5,82,2,2,1,0,0,0,2,0,0,1,0,2,0,0,0,0,1,0,1,0,0,1,0,0,0,1,0,0,0,0,0,0,1,0,13,0,0,0,76,87,21,12
"bcr6uhje","63eb78a1fc614fd7af392873","abc","2023-04-22-21-38","2023-04-22","full_run",5,74.8436,"With",4,"First",2058712,"34:18",570713,"9:30",58,"male","Master",28,3,4.4,4.8,4.6,95,3,3,2,2,1,2,3,3,2,1,2,2,2,1,0,0,1,1,0,0,1,0,1,1,0,1,1,1,1,1,1,1,1,1,86,34,77,78,77,78,85,73
"bcx7mlow","60fdf104935a0ef0e93762b0","abc","2023-04-17-20-23","2023-04-17","full_run",4,69.7525,"With",4,"First",1468104,"24:28",988786,"16:28",31,"female","Bachelor",28,3,4,3.2,5.2,62,2,2,2,0,2,3,2,3,1,2,2,2,1,0,0,1,0,0,0,0,1,1,0,0,1,0,1,0,1,0,1,1,0,0,14,24,59,42,73,81,98,100
"brez1vpk","614e36c5f5569f7b6d406171","abc","2023-04-24-17-14","2023-04-24","full_run",1,80.6638,"With",4,"First",2461317,"41:1",1059822,"17:39",35,"female","SomeCollege",28,3,1.8,4.8,5.2,78,3,3,0,0,0,1,0,0,0,0,0,1,0,0,0,0,0,0,0,0,0,0,0,0,0,0,0,0,0,0,0,0,0,0,24,50,1,50,100,50,0,50
"c1xhoekk","63615bb6922c170dc50b434a","abc","2023-04-19-22-03","2023-04-19","full_run",2,70.775,"With",4,"First",2459226,"40:59",1208629,"20:8",36,"female","Master",28,3,0.4,3.2,5.6,51,3,3,2,2,1,1,3,1,1,1,0,1,1,1,0,1,0,0,1,1,1,1,0,1,1,0,1,0,0,0,1,0,1,0,78,50,75,74,85,77,76,72
"c2zkc0ed","5dcdb60be64aaa07c14065cc","abc","2023-04-23-18-05","2023-04-23","full_run",0,89.0295,"With",4,"First",2020680,"33:40",1023787,"17:3",36,"female","SomeCollege",28,3,2.4,3.6,4.6,82,1,2,2,1,2,2,3,0,0,0,1,2,0,1,0,1,0,0,1,1,0,0,1,1,0,1,1,1,0,0,1,1,1,1,14,8,40,10,84,91,4,39
"c51zqpl3","63d1911445a227defcb1a020","abc","2023-04-17-20-36","2023-04-17","full_run",0,78.3657,"With",4,"First",1725227,"28:45",777817,"12:57",37,"female","Bachelor",28,3,1,3.8,4.4,100,2,1,0,0,0,1,1,0,0,0,0,2,0,0,0,0,0,0,0,0,0,0,1,1,0,0,0,0,0,0,0,0,1,0,23,34,0,0,85,85,0,23
"c9qq6upe","6100461048ea9262cf02f6fd","abc","2023-04-24-17-49","2023-04-24","full_run",0,87.7051,"With",4,"First",1633226,"27:13",912991,"15:12",22,"female","Bachelor",28,3,3.6,3.8,4.4,70,4,1,3,1,2,0,3,2,0,0,0,2,1,1,0,1,1,1,1,1,1,1,1,1,1,0,1,1,0,0,1,1,0,1,75,50,26,50,75,74,0,23
"cl57jv9e","5dd352c51c219b35931aefd1","abc","2023-04-22-21-38","2023-04-22","full_run",0,89.9173000000001,"With",4,"First",4356751,"72:36",830829,"13:50",58,"female","Bachelor",28,3,3,3.2,3.6,74,1,1,1,1,0,1,1,3,1,0,0,1,0,0,1,0,0,1,0,0,0,0,0,0,0,1,0,0,0,0,0,1,0,0,76,76,35,36,75,74,24,50
"d15mkf3r","5e84bd7c34d5d9072128fac1","abc","2023-04-18-16-39","2023-04-18","full_run",0,88.1739,"With",4,"First",1198966,"19:58",476968,"7:56",36,"male","SomeCollege",28,3,0,1.8,5.2,62,3,1,1,0,0,0,3,0,0,0,0,3,0,0,0,0,0,0,0,0,1,0,0,1,0,0,0,0,0,0,0,0,1,0,74,100,0,0,81,100,0,100
"djtn3kql","60a7be7c56ee5fe79719a01e","abc","2023-04-18-16-40","2023-04-18","full_run",0,90.3874,"With",4,"First",1918779,"31:58",780290,"13:0",25,"male","SomeCollege",28,3,1,3.4,3.2,78,1,1,1,0,0,0,3,0,0,0,0,2,0,0,0,0,0,0,0,0,1,0,1,0,0,0,0,0,0,0,0,0,1,0,74,86,25,57,74,89,4,88
"dw6uyb4g","5bc0af535ea1020001f9352d","abc","2023-04-24-17-41","2023-04-24","full_run",0,83.8218,"With",4,"First",3436161,"57:16",886361,"14:46",53,"female","SomeCollege",28,3,2,3.4,4,94,2,2,2,0,0,0,3,0,0,0,1,0,0,0,0,1,0,0,0,0,0,0,0,0,0,1,1,1,0,0,0,1,0,0,87,73,40,39,70,74,10,0
"e0lvdrny","5d730a3cf37bfe0001ff031a","abc","2023-04-19-22-04","2023-04-19","full_run",0,94.7,"With",4,"First",1953158,"32:33",1021005,"17:1",57,"male","SomeCollege",28,3,1,2.8,2.8,72,0,0,1,0,0,0,3,0,0,0,0,2,0,0,1,0,0,1,0,0,0,0,0,0,0,0,0,1,0,0,0,0,0,0,100,100,13,0,75,75,0,100
"ekwqrvsn","63fad8b20e532757a496f7f5","abc","2023-04-19-22-03","2023-04-19","full_run",0,95.1788,"With",4,"First",1306906,"21:46",661555,"11:1",53,"male","Bachelor",28,3,2.8,4.6,2.4,23,3,1,1,0,0,0,3,3,1,0,0,3,0,0,0,1,1,0,0,1,1,0,1,0,0,0,0,1,0,0,0,1,1,0,8,24,21,21,75,79,13,71
"evo31suv","5dec8925be656d35d4005320","abc","2023-04-19-22-02","2023-04-19","full_run",0,81.8968,"With",4,"First",2553294,"42:33",1322598,"22:2",59,"male","Bachelor",28,3,1.2,3,3.6,36,1,1,2,2,0,2,3,2,2,0,0,3,0,0,0,0,1,1,0,0,0,0,1,0,0,1,0,1,0,0,0,1,0,0,24,24,16,0,96,93,0,1
"fys42wo9","5c3e82e91580e9000122d204","abc","2023-04-18-16-39","2023-04-18","full_run",0,97.3794,"With",4,"First",1553173,"25:53",745798,"12:25",37,"male","Master",28,3,2.2,3.4,3.2,87,2,2,0,1,0,0,0,0,0,1,0,1,0,0,0,0,1,0,0,0,0,1,0,0,0,0,0,0,0,0,0,0,0,0,71,50,35,38,69,54,0,75
"gafhb394","63d77a647dbf6c0c53b0d375","abc","2023-04-22-21-39","2023-04-22","full_run",0,92.8749,"With",4,"First",2646475,"44:6",768827,"12:48",36,"male","SomeCollege",28,3,3.8,3.8,4.6,34,3,2,2,3,2,2,3,1,0,2,0,2,0,0,0,0,1,0,0,0,0,1,0,0,0,0,0,0,0,0,0,0,1,0,32,62,0,0,100,100,0,0
"gb7904jd","5c9a7a644a640200171c0cc2","abc","2023-04-14-14-05","2023-04-14","full_run",0,84.9038,"With",4,"First",985974,"16:25",576821,"9:36",32,"female","Master",28,3,3.8,2.8,4.8,34,2,2,1,1,1,0,2,2,0,1,0,1,0,0,0,0,0,0,0,0,1,1,0,0,0,0,1,1,0,0,1,0,0,1,75,75,24,28,74,77,26,0
"glymautl","62ef104b5e9352c2ead31fde","abc","2023-04-23-18-05","2023-04-23","full_run",0,88.2462999999999,"With",4,"First",2735156,"45:35",1197179,"19:57",59,"male","Bachelor",28,3,1.6,3.8,2.6,30,2,2,1,1,0,0,3,1,0,1,0,3,0,0,0,0,1,1,0,0,1,0,0,1,0,0,0,1,0,0,0,0,1,0,55,55,24,32,77,76,0,21
"gme3u3n7","5c3399d8cb218a000176c6c6","abc","2023-04-19-22-02","2023-04-19","full_run",0,87.4953999999999,"With",4,"First",3143420,"52:23",1469620,"24:29",36,"male","Master",28,3,1,2.2,4.8,64,1,1,1,0,0,0,2,0,0,0,0,1,0,0,0,0,0,0,0,0,1,0,1,1,0,0,0,1,0,0,0,0,1,0,0,60,0,0,38,49,0,100
"got4je7v","63b73b26108aa3713667c006","abc","2023-04-24-17-29","2023-04-24","full_run",1,88.7582000000001,"With",4,"First",1906354,"31:46",947171,"15:47",32,"female","Master",28,3,0,4,2.2,40,3,1,0,0,0,0,2,0,0,0,0,3,0,0,0,0,0,0,0,0,1,0,0,0,0,0,0,0,0,0,0,0,1,0,13,14,0,0,100,100,0,63
"hhpuds91","6111587a8000027e7f79b1ba","abc","2023-04-24-17-49","2023-04-24","full_run",0,88.9444,"With",4,"First",1001493,"16:41",503673,"8:23",23,"female","Bachelor",28,3,3.4,4,5,13,1,0,2,0,0,0,3,0,0,1,0,2,0,0,0,0,0,0,0,0,0,0,0,0,0,1,0,0,0,0,1,0,1,0,92,100,76,80,100,100,0,74
"hyr1n3kv","6147a1c343f05087ff340b52","abc","2023-04-17-20-29","2023-04-17","full_run",1,83.7528,"With",4,"First",2237127,"37:17",993402,"16:33",36,"male","Bachelor",28,3,2.6,3.2,3.8,70,2,3,2,2,1,2,3,0,1,1,1,2,1,1,0,0,1,1,0,0,1,0,0,0,0,1,1,1,1,0,1,1,1,0,80,78,77,74,100,100,35,39
"j02vx30w","5a08c9a7f2e3460001edb063","abc","2023-04-24-19-01","2023-04-24","full_run",1,94.9659,"With",4,"First",1081492,"18:1",469820,"7:49",26,"female","Bachelor",28,3,3.2,3,4.2,23,1,1,2,0,0,0,3,0,1,0,0,1,0,0,0,0,0,0,0,0,0,0,0,0,0,1,0,1,0,0,1,1,1,0,74,67,0,9,66,77,0,26
"j0y1tne5","5d37d2861566530016a061de","abc","2023-04-19-22-03","2023-04-19","full_run",1,79.5951,"With",4,"First",1548194,"25:48",603762,"10:3",45,"male","HighSchool",28,3,2.4,3.8,4.6,76,2,2,2,2,1,2,2,0,0,0,0,1,0,0,0,0,1,0,0,0,0,0,0,0,0,1,1,0,0,0,1,1,0,0,79,86,66,77,100,100,68,69
"j29eevlm","630adf01fe54101d5214a17f","abc","2023-04-22-21-53","2023-04-22","full_run",0,91.8918,"With",4,"First",4163885,"69:23",1180047,"19:40",31,"male","SomeCollege",28,3,1.8,3.4,5,37,2,1,1,0,0,0,2,0,1,0,0,1,0,0,0,0,1,0,0,0,0,0,1,1,0,0,0,1,0,1,0,1,1,0,35,16,69,77,94,90,72,97
"jo09x0ym","5fc6e3a0040c3f0e7cb45c8a","abc","2023-04-24-19-48","2023-04-24","full_run",3,84.0786,"With",4,"First",3139275,"52:19",1818092,"30:18",33,"female","SomeCollege",28,3,4,4.4,5,93,1,2,2,2,0,0,3,0,0,0,0,0,0,0,0,0,0,1,0,0,0,0,0,0,0,1,1,0,0,0,1,1,1,0,76,77,0,0,75,79,27,65
"jtav0xzz","5f5e32a0d6a12c6857b8e127","abc","2023-04-23-18-04","2023-04-23","full_run",0,91.556,"With",4,"First",1237083,"20:37",554092,"9:14",27,"male","SomeCollege",28,3,0.6,1.8,6,60,1,1,2,1,2,1,3,2,0,0,0,3,0,0,0,1,1,0,1,0,1,0,1,1,1,1,1,1,0,1,1,1,1,0,100,100,1,2,100,100,1,1
"jwyq6qpp","63e52066b0f31aee3860d8c2","abc","2023-04-18-16-39","2023-04-18","full_run",0,90.6675,"With",4,"First",1418265,"23:38",709354,"11:49",25,"female","SomeCollege",28,3,0,4.4,3,100,1,0,1,0,0,0,2,2,2,3,0,3,1,0,0,1,0,0,1,1,1,1,1,0,0,0,0,1,0,0,0,0,0,0,66,65,15,0,81,80,0,0
"jyhmjbk4","5d338bb02381b7001761694e","abc","2023-04-22-21-39","2023-04-22","full_run",0,88.4178,"With",4,"First",1806204,"30:6",1018412,"16:58",52,"male","Master",28,3,1.4,2.4,4.8,26,1,1,1,2,2,1,1,1,1,0,0,0,0,1,0,0,1,1,0,0,0,0,0,0,0,1,0,1,0,0,0,1,1,1,64,56,0,0,68,67,8,6
"k52e71hc","5f22bdb732432502a2615f3f","abc","2023-04-19-22-04","2023-04-19","full_run",0,90.4498,"With",4,"First",1245276,"20:45",721411,"12:1",31,"female","Master",28,3,2.2,3,5,46,2,2,1,0,0,1,1,0,0,1,0,2,0,0,0,0,0,0,0,0,1,0,0,0,0,0,0,0,0,0,0,1,1,0,73,67,25,24,92,91,0,9
"kn2g5rkf","642ee1cb7e6da0f6158a6743","abc","2023-04-21-15-49","2023-04-21","full_run",0,81.7899,"With",4,"First",2566722,"42:46",1323161,"22:3",61,"male","Bachelor",28,3,4,4,4.8,64,2,2,2,1,0,0,2,0,1,1,0,1,0,0,0,0,1,0,1,0,0,0,0,0,0,1,0,0,0,0,0,1,1,0,28,70,25,72,97,88,76,79
"kqatkrvg","5bbe6691ba8d7d0001951ef9","abc","2023-04-19-22-03","2023-04-19","full_run",0,89.7752,"With",4,"First",1215101,"20:15",630278,"10:30",24,"female","Bachelor",28,3,2.2,3.4,4,97,1,1,0,0,0,0,0,0,0,0,0,0,0,0,0,0,0,0,0,0,0,0,0,0,0,0,0,0,0,0,0,0,0,0,35,17,5,0,73,64,0,6
"ksk55upb","5d2215e737363e0001651a63","abc","2023-04-22-21-39","2023-04-22","full_run",1,83.6996,"With",4,"First",2939553,"48:59",1443747,"24:3",45,"male","HighSchool",28,3,3.6,4,3.2,48,0,0,0,0,0,0,0,0,0,0,0,0,0,0,0,0,0,1,0,0,0,0,0,0,0,0,0,0,0,0,0,1,0,0,76,75,0,0,75,75,0,0
"l2z8yuuq","6117efedb574017076d5b499","abc","2023-04-24-19-47","2023-04-24","full_run",5,80.0733,"With",4,"First",1312341,"21:52",429415,"7:9",30,"female","Bachelor",28,3,2.2,3.4,2.6,79,2,3,3,2,1,1,2,0,1,0,0,1,2,0,0,0,1,1,1,0,0,0,0,0,1,1,1,1,0,0,0,0,1,0,66,77,65,70,87,86,85,83
"lnp5xxd8","63d83ae132a2e28694dd8431","abc","2023-04-23-18-05","2023-04-23","full_run",1,84,"With",4,"First",1271626,"21:11",538192,"8:58",50,"female","HighSchool",28,3,1.2,2.6,3.8,100,0,0,0,0,0,0,2,0,0,0,0,0,0,0,0,0,1,1,0,0,0,0,0,0,0,0,1,0,0,0,1,1,1,0,75,75,22,0,75,76,0,0
"lqvqzqdx","6434378571a85c5dad2856dd","abc","2023-04-17-20-32","2023-04-17","full_run",0,93.557,"With",4,"First",2858300,"47:38",1119674,"18:39",54,"male","Master",28,3,2.4,3.8,3.2,71,2,2,1,3,1,1,3,1,1,1,0,1,1,0,0,1,1,1,0,0,1,0,1,0,1,1,1,1,0,1,0,0,1,1,84,77,14,18,100,91,38,43
"m0yvjvr0","5e0047b3a99550c62bda2dd6","abc","2023-04-24-19-47","2023-04-24","full_run",0,88.2479,"With",4,"First",1097984,"18:17",511641,"8:31",37,"female","SomeCollege",28,3,1.2,2.8,6,17,2,2,2,0,0,0,3,0,0,0,0,0,0,0,0,0,0,0,0,0,0,0,0,0,0,1,0,1,0,0,1,0,0,0,20,23,0,0,100,100,0,37
"m1qdo771","5f276d8f38b9f857f5cebf21","abc","2023-04-21-15-48","2023-04-21","full_run",2,91.7913,"With",4,"First",1754191,"29:14",950823,"15:50",37,"male","HighSchool",28,3,1,2,4,7,0,1,0,1,1,2,1,0,0,1,0,1,0,0,0,0,0,1,0,0,0,0,0,0,0,1,0,1,0,0,1,1,1,0,70,86,26,23,74,76,0,24
"m6wpf6z8","5c82c9a4d8302a00010639b8","abc","2023-04-19-22-02","2023-04-19","full_run",0,91.1227,"With",4,"First",1864691,"31:4",615097,"10:15",32,"male","Bachelor",28,3,2.6,2.6,2.2,69,0,0,2,0,0,0,3,1,0,0,0,2,0,0,0,0,0,1,0,0,0,0,0,0,0,0,0,1,0,0,0,1,1,0,62,71,7,7,71,76,0,0
"maukyr3k","60fd781f9fe1637567804499","abc","2023-04-24-17-23","2023-04-24","full_run",0,89.2084,"With",4,"First",1031324,"17:11",568968,"9:28",33,"female","Bachelor",28,3,2.4,4,5,66,0,0,0,0,0,1,1,0,0,1,1,1,0,0,1,0,0,0,1,0,1,1,1,1,0,1,1,1,0,1,1,0,0,0,21,25,0,0,89,89,0,0
"mckknsz5","60abe580aa82f25a7acc9800","abc","2023-04-21-15-48","2023-04-21","full_run",0,88.9713,"With",4,"First",1691522,"28:11",822068,"13:42",36,"female","SomeCollege",28,3,2,4.2,4.2,54,1,1,0,2,1,1,0,0,0,0,1,0,0,0,0,0,0,1,0,0,0,0,0,0,0,0,0,0,0,0,0,1,0,0,75,75,27,27,76,100,0,0
"mw36vvtl","5c43d2ac927dee000154174d","abc","2023-04-24-17-38","2023-04-24","full_run",0,87.8231000000001,"With",4,"First",2259244,"37:39",1247562,"20:47",45,"female","Bachelor",28,3,1.4,3.8,4.4,69,1,1,1,0,0,0,1,1,1,1,0,3,0,0,0,0,0,0,1,0,1,1,0,1,0,0,1,0,0,0,0,0,0,0,76,76,43,25,74,60,0,0
"n2m3pmr0","63d142821569b5debdfdf1d7","abc","2023-04-18-16-39","2023-04-18","full_run",1,78.0983,"With",4,"First",1677016,"27:57",857463,"14:17",26,"male","Bachelor",28,4,4.6,4.8,4.4,75,3,2,1,1,2,3,0,2,2,2,2,2,2,1,0,0,1,0,0,0,1,0,1,1,0,0,0,1,0,0,0,1,0,1,71,75,76,25,67,69,22,90
"o6p76j5v","60a1e1f4a3707c983a98f185","abc","2023-04-24-19-47","2023-04-24","full_run",0,87.5861000000001,"With",4,"First",1355030,"22:35",591583,"9:51",30,"female","SomeCollege",28,3,4.8,2.6,4.8,41,2,2,1,0,0,0,3,0,0,0,0,3,0,0,0,0,0,0,0,0,1,0,1,0,0,1,0,1,0,0,0,0,0,0,73,74,31,30,88,77,2,2
"oc1b521j","5c95970cd676900016e1a940","abc","2023-04-22-21-39","2023-04-22","full_run",1,59.9481,"With",4,"First",2864914,"47:44",807497,"13:27",45,"female","Master",28,3,2.2,4.6,3.6,100,2,2,1,3,3,3,1,1,0,2,1,2,1,1,0,1,1,0,1,1,1,1,1,1,1,1,0,1,0,0,0,0,1,0,77,48,76,50,75,51,75,49
"oknbul70","630cc9747cb664e8a03c29f0","abc","2023-04-23-18-05","2023-04-23","full_run",0,89.9824,"With",4,"First",1423808,"23:43",682650,"11:22",34,"male","Bachelor",28,3,1.2,3.8,2,80,2,2,1,0,1,0,3,1,0,0,0,1,0,1,0,0,0,0,0,0,1,0,0,0,0,0,0,1,0,0,0,0,1,0,75,76,25,0,74,75,0,75
"orpucjxk","60d7558fd3a01169626ae963","abc","2023-04-24-19-49","2023-04-24","full_run",0,88.5825,"With",4,"First",1690298,"28:10",953899,"15:53",58,"female","Bachelor",28,3,3.6,3.8,2.4,9,2,2,1,0,1,3,2,1,0,2,0,0,0,0,0,0,0,0,0,1,0,0,0,0,0,0,0,0,0,0,0,0,1,0,75,75,24,9,74,75,76,98
"p37t8jrk","63f77b9ca8439f6e1620c1cd","abc","2023-04-21-15-48","2023-04-21","full_run",0,73.9409,"With",4,"First",1624448,"27:4",670337,"11:10",37,"male","HighSchool",28,3,2.8,3.4,4,68,2,2,2,1,2,1,3,1,0,0,0,1,0,1,0,0,0,1,0,1,0,0,0,0,0,1,1,1,0,0,0,0,1,0,62,60,22,23,72,57,26,28
"pvgqu7ye","59014ee029f42300013cc5b7","abc","2023-04-24-17-28","2023-04-24","full_run",0,84.0455,"With",4,"First",1738837,"28:58",941419,"15:41",35,"female","SomeCollege",28,3,3,4.2,4.8,100,1,1,1,0,0,1,1,0,0,2,0,0,0,0,0,0,0,0,0,0,0,0,0,0,0,1,1,0,0,0,0,0,0,0,66,87,14,20,97,97,89,78
"pwsx26uu","60c119b30aa5205b493541b6","abc","2023-04-21-15-48","2023-04-21","full_run",0,90.2605,"With",4,"First",2223481,"37:3",1136186,"18:56",70,"male","Bachelor",28,3,1.4,4.4,2.8,90,2,2,1,3,1,1,0,1,0,1,0,3,0,0,0,0,0,1,1,0,0,0,1,0,0,0,0,1,0,0,0,0,0,0,83,86,23,6,86,88,6,71
"q0el8a0f","5d226ccd072b44001aaec601","abc","2023-04-19-22-03","2023-04-19","full_run",0,90.4216,"With",4,"First",2629092,"43:49",1596561,"26:36",36,"female","HighSchool",28,3,1.8,3.6,4,42,2,1,2,0,0,1,3,0,0,0,0,1,0,0,0,0,0,0,0,0,0,0,0,0,0,0,0,0,0,0,0,0,1,0,70,65,11,24,94,93,0,0
"q6pf39wj","56b89c3be1d0a2000514f597","abc","2023-04-24-17-42","2023-04-24","full_run",0,92.3142,"With",4,"First",1336063,"22:16",606325,"10:6",31,"other","Bachelor",28,3,1,3,2.4,10,3,0,0,0,0,0,3,0,0,0,0,3,0,0,0,0,0,0,0,0,0,0,0,0,0,0,0,1,0,0,0,1,0,0,49,57,23,1,65,75,0,76
"qlfh0hd9","5f48cd6061235238d144db2c","abc","2023-04-14-14-10","2023-04-14","full_run",2,80.1487,"With",4,"First",1309091,"21:49",566293,"9:26",21,"male","HighSchool",28,3,3,3.4,2.2,100,1,1,1,0,0,0,3,0,0,0,0,2,0,0,0,0,0,0,0,1,1,0,0,0,0,0,1,1,0,0,0,1,1,0,24,24,24,0,50,66,0,100
"quyu5021","63e577d9dddff1a70b3df238","abc","2023-04-18-17-40","2023-04-18","full_run",2,89.5464,"With",4,"First",1459228,"24:19",685612,"11:25",28,"male","Bachelor",28,3,2,4.6,3.2,32,3,2,1,1,1,2,3,2,0,1,0,2,0,0,0,0,1,0,0,0,1,0,1,0,0,1,1,0,0,1,0,1,1,1,0,0,21,24,100,100,10,14
"qvrlcavd","5815767b0643a600016f0e72","abc","2023-04-24-19-48","2023-04-24","full_run",0,88.1399,"With",4,"First",1742327,"29:2",884118,"14:44",51,"female","SomeCollege",28,3,2,3,4.6,75,1,2,1,0,1,1,1,0,0,0,0,1,0,1,0,1,0,0,0,1,0,0,0,0,0,1,1,0,0,0,0,0,1,0,74,75,25,0,78,98,75,74
"r51u22nk","589fc07f1521230001ebf494","abc","2023-04-17-20-32","2023-04-17","full_run",0,76.0534,"With",4,"First",2295853,"38:15",1097870,"18:17",43,"female","Master",28,3,3,3,3.2,30,2,1,2,0,0,0,2,2,0,3,0,3,0,0,0,0,0,0,0,0,0,1,0,1,0,0,0,1,0,0,0,0,1,0,73,78,40,43,65,81,50,50
"rlqv1xue","5f744fb50bfbbd0a01cd5435","abc","2023-04-19-22-02","2023-04-19","full_run",0,77,"With",4,"First",1605667,"26:45",803243,"13:23",47,"female","HighSchool",28,3,1.8,4.4,3.8,30,2,2,2,1,3,0,3,0,0,0,0,2,0,1,0,1,1,0,0,1,0,0,0,0,0,0,0,0,0,0,0,1,1,0,74,76,75,74,100,100,25,24
"rnvw4em9","5c53c9f9ea00280001fd06a3","abc","2023-04-17-20-34","2023-04-17","full_run",1,84.5889,"With",4,"First",2805172,"46:45",1050293,"17:30",27,"male","HighSchool",28,3,0.6,4.8,3,90,1,0,1,1,1,1,3,3,2,1,0,3,0,1,0,0,1,1,0,0,0,0,0,0,1,1,1,1,1,1,1,1,1,0,76,95,75,50,99,98,2,4
"s1g3px8g","5658000ca9872d0011e1ba26","abc","2023-04-19-22-02","2023-04-19","full_run",0,88.9173,"With",4,"First",1460460,"24:20",731344,"12:11",33,"male","HighSchool",28,3,0.2,3.2,4.4,33,2,1,1,0,0,0,3,0,0,0,0,1,0,0,0,0,0,0,0,0,1,0,0,1,0,0,0,1,0,0,0,0,0,0,73,75,0,0,75,75,0,24
"sh9kmf84","5d42486206811e001ada5b4b","abc","2023-04-21-15-48","2023-04-21","full_run",1,85.8003,"With",4,"First",1847864,"30:47",797388,"13:17",47,"male","HighSchool",28,3,0.2,0.6,5.4,0,3,4,3,3,3,1,2,1,1,1,0,1,0,1,0,1,1,1,0,1,0,0,0,0,0,1,0,1,0,0,0,1,0,0,50,55,27,28,100,100,24,26
"sheb66w1","63d1bee75bd4d1ff3a9475ce","abc","2023-04-17-20-28","2023-04-17","full_run",1,92.6558,"With",4,"First",2224954,"37:4",822369,"13:42",40,"male","HighSchool",28,3,1,2.8,3.4,68,2,2,2,1,1,0,3,1,0,0,0,1,0,0,0,1,0,1,1,0,0,0,0,0,0,0,0,1,0,0,0,0,1,0,27,26,0,50,82,88,0,74
"sonwe5gk","5d697ea28572fc000126b779","abc","2023-04-18-16-39","2023-04-18","full_run",1,84.3567,"With",4,"First",2142937,"35:42",796948,"13:16",58,"female","Bachelor",28,3,0.8,4.6,2.8,79,1,1,2,3,3,3,3,2,2,0,0,2,0,0,0,0,1,1,1,0,0,0,0,0,0,1,0,0,0,0,0,1,0,0,67,67,45,40,74,67,30,32
"srrkob22","62730c9848db9da9ff3bf670","abc","2023-04-22-21-45","2023-04-22","full_run",0,83.5378,"With",4,"First",1331952,"22:11",559951,"9:19",41,"male","Master",28,4,3.2,4,3.6,30,3,3,2,3,3,3,3,0,0,0,0,3,0,0,0,0,0,0,0,1,0,0,0,1,1,0,0,0,0,0,0,1,0,0,100,87,24,27,96,76,0,77
"szpxfdgu","642f3188cc01a6b87e28a081","abc","2023-04-23-18-15","2023-04-23","full_run",0,91.102,"With",4,"First",2981515,"49:41",856621,"14:16",38,"male","Bachelor",28,3,1.2,4.8,3,100,2,2,3,3,1,0,3,0,1,1,1,3,0,1,0,1,1,0,1,1,1,1,0,1,1,0,0,0,0,0,0,1,0,0,84,80,62,57,93,93,0,0
"t042j0zp","6000cefee380e61fa9bc5ae4","abc","2023-04-19-22-02","2023-04-19","full_run",0,95.3693,"With",4,"First",5199067,"86:39",529295,"8:49",30,"male","Bachelor",28,3,1.4,1.6,5.2,87,2,2,2,0,1,0,2,0,0,3,0,1,0,0,0,1,0,0,1,0,1,1,0,0,0,0,0,1,0,0,0,1,0,0,24,75,0,11,100,100,0,83
"t318lh4y","5d4c7ac3e8ec490018b0050d","abc","2023-04-24-19-47","2023-04-24","full_run",0,91.9953,"With",4,"First",1792131,"29:52",913222,"15:13",64,"female","SomeCollege",28,3,2.4,2.2,3.2,2,3,3,1,3,0,0,1,0,0,0,0,1,0,0,0,0,1,0,0,0,0,0,0,0,0,1,0,1,0,0,0,0,0,0,60,58,34,33,49,60,25,49
"t781xy3h","58635484a73baa00010db537","abc","2023-04-24-19-47","2023-04-24","full_run",0,86.9299,"With",4,"First",2661330,"44:21",606060,"10:6",37,"female","SomeCollege",28,3,3.2,5.2,4.6,90,0,0,2,1,0,0,2,0,0,1,0,0,0,0,0,0,0,0,1,0,0,0,0,0,0,0,0,1,0,0,0,1,0,0,38,59,19,46,76,74,0,0
"tjdwytgr","5f16f559325a640008bb9a07","abc","2023-04-22-21-39","2023-04-22","full_run",0,88.5401,"With",4,"First",1188137,"19:48",647548,"10:47",36,"male","Bachelor",28,3,1.2,2.8,3.6,74,3,3,2,2,1,1,2,1,0,1,0,1,1,0,0,0,0,0,0,0,1,1,0,0,0,0,1,0,0,0,0,0,1,0,23,26,37,37,98,96,2,5
"tjr9hr3g","5b05e0d131cebe000177c38e","abc","2023-04-18-16-39","2023-04-18","full_run",1,81,"With",4,"First",1678051,"27:58",584251,"9:44",41,"male","HighSchool",28,3,1.6,4.4,3,50,1,0,2,0,0,0,2,0,0,0,0,1,0,0,0,0,0,0,0,0,0,0,0,0,0,0,0,1,0,0,0,1,1,0,75,51,25,24,100,100,0,0
"tk4swd3w","5f96ae079554ed0256dc3c0b","abc","2023-04-24-17-44","2023-04-24","full_run",1,88.7979,"With",4,"First",2564821,"42:44",1641159,"27:21",40,"female","Master",28,3,1.8,5.4,4.4,73,3,3,2,3,3,3,3,1,0,1,1,3,1,1,0,1,1,0,1,0,1,1,1,1,1,0,0,1,0,0,0,0,0,0,58,76,26,26,83,75,0,25
"tkglrkau","60bff9298f56d55c8ecd9adf","abc","2023-04-23-18-27","2023-04-23","full_run",0,86.3474,"With",4,"First",1231598,"20:31",642622,"10:42",32,"female","Bachelor",28,3,1,2.2,3.4,29,2,2,2,0,0,0,2,0,0,0,0,3,0,0,0,0,0,0,0,0,0,0,0,0,0,0,1,0,0,0,0,0,0,0,55,39,0,0,87,80,3,0
"tmp1wbhd","62a39ad98ce3882e11e54d8f","abc","2023-04-18-16-39","2023-04-18","full_run",1,85.6081,"With",4,"First",3295655,"54:55",895412,"14:55",25,"female","SomeCollege",28,3,2.4,4.6,4.2,100,2,2,2,1,1,1,3,0,0,0,0,1,0,0,0,0,1,1,1,0,0,0,0,0,0,1,1,1,1,1,1,1,0,0,75,51,36,50,93,86,24,28
"tnvyypzj","5ba3de31fcf3440001cd4bc1","abc","2023-04-18-16-39","2023-04-18","full_run",0,85.2087,"With",4,"First",3017555,"50:17",958657,"15:58",38,"female","Bachelor",28,3,1.8,2.8,3.8,36,2,1,1,0,0,0,1,1,0,1,0,1,0,0,0,0,0,0,0,0,1,1,0,1,0,0,0,1,0,0,0,0,1,0,76,75,0,1,90,91,9,26
"u2r4gpnu","6335e35d7a38530d68fd75ca","abc","2023-04-23-18-05","2023-04-23","full_run",3,77.3511,"With",4,"First",2209939,"36:49",934284,"15:34",21,"male","Bachelor",28,3,3,4.8,5,78,3,3,2,1,1,2,3,0,0,1,1,2,1,0,0,0,1,0,0,0,1,0,0,0,1,1,1,1,1,0,0,1,0,0,84,85,49,73,100,74,68,84
"u4xtx2dm","60fd738c235e974993ad455c","abc","2023-04-17-20-28","2023-04-17","full_run",0,90.466,"With",4,"First",1635514,"27:15",661563,"11:1",28,"female","Master",28,3,2.4,2.8,5.4,36,3,3,3,1,1,1,3,1,0,0,0,1,0,0,0,1,1,0,1,0,0,1,0,0,0,1,0,1,0,0,1,1,1,0,24,8,12,0,87,100,0,100
"uh2ltc62","62bdad093f129a724c4dd7b2","abc","2023-04-18-17-58","2023-04-18","full_run",0,79.0666,"With",4,"First",964425,"16:4",489249,"8:9",30,"male","SomeCollege",28,3,0.4,3.4,2.6,81,1,1,1,0,0,0,3,0,0,0,0,0,0,1,0,1,1,1,1,1,1,0,1,1,1,1,1,1,0,0,0,1,1,0,32,22,0,0,100,100,0,100
"upd5hxem","616c4a95398b06c2c85b32ed","abc","2023-04-18-16-41","2023-04-18","full_run",0,90.9001,"With",4,"First",1067507,"17:47",515767,"8:35",24,"male","Bachelor",28,3,0,3.4,2.6,36,2,2,1,1,1,1,1,3,1,3,0,3,0,0,0,0,1,0,0,0,1,1,1,1,0,1,0,0,0,0,0,1,0,0,71,72,7,24,78,74,10,86
"uu6sywal","5d88f2f8cefb52001a83f1b2","abc","2023-04-17-20-26","2023-04-17","full_run",1,82.8821,"With",4,"First",3835532,"63:55",1298361,"21:38",55,"female","Bachelor",28,3,1.4,3.6,3.8,100,2,2,1,1,3,3,1,0,0,0,0,0,0,0,0,0,0,0,0,1,0,0,0,0,0,1,0,0,0,0,0,0,0,0,77,28,50,27,74,75,23,23
"uunanwps","6090578fb2299eacaec32b7a","abc","2023-04-22-21-39","2023-04-22","full_run",0,93.3506,"With",4,"First",1216911,"20:16",596963,"9:56",28,"female","HighSchool",28,3,2.4,2.8,4.4,50,3,3,2,1,1,1,3,0,2,0,0,2,1,0,0,0,0,0,0,0,1,0,0,1,0,0,0,1,0,0,0,0,1,0,50,62,8,6,91,84,13,94
"uxynf790","614e2b2bd900d5f91096ac12","abc","2023-04-22-21-38","2023-04-22","full_run",0,92.5828,"With",4,"First",1154384,"19:14",629664,"10:29",37,"male","PhD",28,3,0.4,2.6,3.4,43,2,1,1,3,1,0,0,0,0,1,1,3,0,0,0,0,1,0,0,0,0,1,0,1,0,0,0,0,0,0,0,1,0,0,79,90,14,53,75,91,10,98
"vsjrkguh","642c3fea4a786dc7a85d4f5d","abc","2023-04-21-15-50","2023-04-21","full_run",1,86.0248,"With",4,"First",1115761,"18:35",561051,"9:21",50,"male","Bachelor",28,3,1.6,3.8,3.4,73,0,0,0,0,0,0,2,2,1,0,1,2,0,0,1,0,0,1,0,0,1,0,1,1,0,0,0,1,0,0,0,0,0,0,68,68,13,17,75,69,0,0
"w265f7l0","64282ae044d37e83e83ceca5","abc","2023-04-21-15-49","2023-04-21","full_run",1,75.2962,"With",4,"First",2237222,"37:17",1085216,"18:5",50,"male","SomeCollege",28,3,1,2.6,4.2,18,2,2,0,0,3,3,0,0,0,3,0,1,0,0,0,0,1,0,1,0,1,1,0,1,0,0,0,0,0,0,0,0,1,0,66,66,0,0,85,82,0,0
"w37sv06m","5ec62902bb44c16b842128f9","abc","2023-04-19-22-03","2023-04-19","full_run",6,76.2629,"With",4,"First",1840837,"30:40",354646,"5:54",35,"male","Bachelor",28,3,3.2,4.2,2.4,78,1,0,1,0,1,1,1,1,0,1,0,1,0,0,0,0,0,0,0,0,0,1,0,0,0,1,1,0,0,0,0,0,0,0,73,81,29,59,77,91,34,20
"wcokcebn","615ddab1e4f013092538b6c5","abc","2023-04-23-18-04","2023-04-23","full_run",0,76.3686,"With",4,"First",3688991,"61:28",1422764,"23:42",59,"male","Master",28,3,2.6,3.6,3.8,68,2,1,2,1,1,1,1,1,0,0,0,2,0,1,0,1,0,0,0,0,0,0,1,0,0,0,1,0,0,0,0,1,1,0,72,62,0,0,93,95,10,57
"wlxuzlm2","60567e3eb404422ed904e058","abc","2023-04-24-13-29","2023-04-24","full_run",1,89.7985,"With",4,"First",2634330,"43:54",1184708,"19:44",43,"female","Bachelor",28,3,1,3.4,3.2,14,3,3,2,0,0,0,0,0,0,0,0,1,0,1,0,1,1,0,1,1,1,1,0,1,0,0,0,0,0,0,0,0,1,0,74,74,0,0,75,75,0,0
"wzvtvg06","62fbdda6e4b5a034b71296f8","abc","2023-04-19-22-07","2023-04-19","full_run",0,85.2044,"With",4,"First",1453997,"24:13",637050,"10:37",30,"male","HighSchool",28,3,1,1.2,5.4,0,1,1,1,3,1,2,3,0,0,0,0,1,0,0,1,1,0,1,0,1,0,0,1,0,1,1,0,1,0,0,0,1,1,0,70,74,25,0,100,100,0,1
"x9xdhwht","5e29dc4721a5f20481c70274","abc","2023-04-22-21-41","2023-04-22","full_run",0,91.1618,"With",4,"First",2924821,"48:44",722386,"12:2",38,"female","Bachelor",28,3,1.4,2.2,4.6,52,1,1,1,1,2,2,2,1,0,0,0,1,0,1,0,1,0,0,0,0,0,0,0,0,0,0,0,1,0,0,0,0,0,0,50,50,2,3,76,69,4,30
"xd8yunpf","565c6791c121fe0012fc3caf","abc","2023-04-22-21-39","2023-04-22","full_run",0,91.0746000000001,"With",4,"First",1480138,"24:40",672927,"11:12",36,"female","SomeCollege",28,3,1.8,2.8,4.6,42,2,2,1,0,1,0,1,0,0,1,0,1,0,1,0,0,0,0,0,1,0,0,0,0,0,1,1,0,0,0,0,0,0,0,74,51,56,47,64,55,58,46
"xfoklckh","63d7e632e6d8609f8bc2a7b2","abc","2023-04-23-18-04","2023-04-23","full_run",3,77.4918,"With",4,"First",718077,"11:58",423590,"7:3",45,"male","SomeCollege",28,5,3.2,3.8,4.2,78,2,2,2,1,1,1,2,3,2,2,2,2,1,0,0,0,0,0,1,0,0,0,0,0,0,1,0,0,0,0,0,0,0,0,71,69,36,36,74,78,23,42
"xpv2212l","6400df62229506825a2727bb","abc","2023-04-18-16-39","2023-04-18","full_run",0,76,"With",4,"First",2731738,"45:31",1966861,"32:46",27,"male","SomeCollege",28,3,2.8,5.4,3.8,77,0,0,2,0,0,0,3,0,0,0,0,3,0,0,0,0,0,0,0,0,0,0,0,0,0,0,0,0,0,0,0,1,1,0,34,26,0,0,85,84,6,3
"y5lxbx18","63474e67a5fd298c6103c409","abc","2023-04-23-18-05","2023-04-23","full_run",0,88.5576,"With",4,"First",3781717,"63:1",920492,"15:20",31,"male","HighSchool",28,3,3,5,4.4,74,2,2,1,1,1,1,3,0,2,0,0,3,0,0,0,0,0,1,0,0,0,0,1,0,1,0,0,1,0,0,0,1,0,0,73,76,12,70,83,91,1,86
"yfqdozza","6341b868a41dcb8f252c509a","abc","2023-04-21-15-48","2023-04-21","full_run",0,93.6801,"With",4,"First",2191602,"36:31",623376,"10:23",36,"male","Bachelor",28,3,1.8,2.2,4.2,38,2,2,1,1,1,1,2,2,1,1,0,2,1,1,0,0,1,0,0,0,0,0,0,0,0,1,0,0,0,0,1,1,1,0,71,70,65,53,75,64,7,0
"yhw67vny","5fc7a6aaa7646c0009521161","abc","2023-04-21-15-48","2023-04-21","full_run",0,89.3897,"With",4,"First",1268000,"21:7",715524,"11:55",51,"male","Master",28,3,1,2.8,3.6,68,2,2,1,0,1,1,3,0,0,1,0,3,0,0,0,0,1,0,0,0,1,1,0,1,0,1,0,1,0,0,0,1,1,0,72,73,50,50,97,100,0,0
"yqwul9on","5ae59f8cc3c3ab00018f7185","abc","2023-04-24-17-56","2023-04-24","full_run",0,87.5155,"With",4,"First",2140208,"35:40",743990,"12:23",40,"female","HighSchool",28,3,0.4,4.2,3.2,100,0,0,4,0,0,0,3,0,0,0,0,1,0,0,0,0,0,0,0,0,0,0,0,0,0,1,1,1,0,1,1,1,1,1,21,23,0,0,74,75,0,0
"zbusl0q2","5e6685e1ffed4c405a4db5d0","abc","2023-04-21-15-48","2023-04-21","full_run",0,88.5547,"With",4,"First",1899582,"31:39",1129068,"18:49",27,"other","Bachelor",28,3,0.2,0.2,5.8,0,3,1,1,3,3,3,3,2,0,2,0,3,0,1,0,1,1,0,1,1,0,1,0,1,0,0,1,0,0,1,0,1,0,0,73,75,24,37,95,100,0,11
